id,posting_user_id,name,description
ffa0bcfc-3669-45da-b766-678c4ba68bcb,d33f718d-97b6-4d42-adc1-856b31ded5b4,Spaghetti Bolognese,Delicious spaghetti bolognese with fresh ingredients and great taste.
f54fb83f-7f8c-4f25-a2f6-05f014268f37,5dc572d1-0cf6-49bc-82db-cca1cec41bdc,Vegan Buddha Bowl,Delicious vegan buddha bowl with fresh ingredients and great taste.
c6131461-403e-46f3-a89e-cd0051e0a7b4,861313ba-292d-45ba-bc1d-841a0c40b46b,Chicken Tikka Masala,Delicious chicken tikka masala with fresh ingredients and great taste.
542dd424-3fc8-44b9-9a6e-9240d7d77634,f04cdf5b-4d07-4cc8-ab36-7f0eb07b1a2d,Fish Tacos,Delicious fish tacos with fresh ingredients and great taste.
dc5b7fab-f2c5-4c74-94f0-fede30341a00,cd153e2d-2e85-4fb5-a1d6-5e32a2a55175,Greek Salad,Delicious greek salad with fresh ingredients and great taste.
e4ad0a50-b67d-4aff-aaf2-815b90e575c5,6dea04ef-eec2-44aa-a595-919f9af3e6fb,Beef Stir-Fry,Delicious beef stir-fry with fresh ingredients and great taste.
6e271d62-0049-4bd7-aa45-e76d1d3bcac8,7e7a94ab-f344-45ce-999e-7b3f4f188183,Vegetable Curry,Delicious vegetable curry with fresh ingredients and great taste.
aa6f5b77-fe8b-4823-92ec-a7970aefc03c,27857371-def4-4998-aef0-d423dbc10dbf,Shrimp Scampi,Delicious shrimp scampi with fresh ingredients and great taste.
e0d1c537-6096-46cc-9ad7-c4219d768378,e2e5d28e-11b6-4d84-9a17-8cffd5e10fd6,Quinoa Salad,Delicious quinoa salad with fresh ingredients and great taste.
5fc07310-b4ca-42b3-a810-df66d510d03d,480779f0-5692-4c60-918f-b1ec322a67dd,Margherita Pizza,Delicious margherita pizza with fresh ingredients and great taste.
e2cc8403-16cb-4fbc-8d3f-dbc06d1986d4,cdcbddb3-3152-495b-acd1-1c31697152eb,Lentil Soup,Delicious lentil soup with fresh ingredients and great taste.
2a5ee383-abb4-4dd2-8efa-7f5df439f8a1,14cf6b16-a816-4d9a-86a7-92d03f8db22e,Chicken Fajitas,Delicious chicken fajitas with fresh ingredients and great taste.
565f29db-8f4b-4345-a330-2bcf9df6139f,15f78e6d-8c1b-4759-98bd-4626a52785ea,Pancakes,Delicious pancakes with fresh ingredients and great taste.
e89f6463-93c7-487d-8e2f-8bfba4b60b6c,14cf6b16-a816-4d9a-86a7-92d03f8db22e,Caprese Salad,Delicious caprese salad with fresh ingredients and great taste.
b5993aad-685b-44e3-81da-6b78579de076,e7214fd1-4e49-4a46-a09a-93a074d44de6,Vegetable Lasagna,Delicious vegetable lasagna with fresh ingredients and great taste.
f4beb065-aa68-4031-a429-d7c03ce6fdb7,85b5474a-57d4-4362-baef-8bf4b493de8f,Tofu Stir-Fry,Delicious tofu stir-fry with fresh ingredients and great taste.
9d3979cd-6e10-43a8-835e-006003a1cb4b,12aedfe3-f88d-424b-ae0c-4182ef52d984,BBQ Pulled Pork Sandwich,Delicious bbq pulled pork sandwich with fresh ingredients and great taste.
fada94dc-e0fe-4ce7-8daa-0f80fb7d5f39,accbab95-20f1-4c0a-8565-c6c7bf51f209,Eggplant Parmesan,Delicious eggplant parmesan with fresh ingredients and great taste.
f0372169-f982-4448-907f-741894d5b5bf,ca436e6f-f767-4f62-8bce-157daaf0c63f,Sushi Rolls,Delicious sushi rolls with fresh ingredients and great taste.
ba359adf-9a74-4ecd-a072-6d8a10c0fbe8,2106fdc5-09b6-45e0-9193-627563a2a0ae,Chili Con Carne,Delicious chili con carne with fresh ingredients and great taste.
7c101f53-790a-4537-b66b-8ac9097c70cc,7c52c46f-4e4e-4031-a23e-525d371d17a5,Falafel Wrap,Delicious falafel wrap with fresh ingredients and great taste.
813383a0-7fc6-4a65-80a3-2378be9dd5b9,27857371-def4-4998-aef0-d423dbc10dbf,Stuffed Peppers,Delicious stuffed peppers with fresh ingredients and great taste.
bc5332e6-8b9e-4e10-b61c-270bee4d2f33,13482ffd-b21f-4251-ad36-7c64dece7822,Mac and Cheese,Delicious mac and cheese with fresh ingredients and great taste.
361b4d13-8598-475d-ab9a-b5b25d01df0c,dc653cd9-2705-4a62-8fbf-ba472ac0b46c,Ratatouille,Delicious ratatouille with fresh ingredients and great taste.
4928b3b5-5b2c-43be-adfa-093b2841bce5,85b5474a-57d4-4362-baef-8bf4b493de8f,Chocolate Brownies,Delicious chocolate brownies with fresh ingredients and great taste.
88f93761-84ce-4b03-bed5-daf0158a872e,dce5364e-b3e3-446d-81ce-cfa537871a04,Quinoa Chickpea Salad,"Delicious quinoa chickpea salad made with fresh, flavorful ingredients."
2c3e65c7-ab41-4549-9c6c-fcd2ad2ee5b4,14cf6b16-a816-4d9a-86a7-92d03f8db22e,Coconut Curry Shrimp,"Delicious coconut curry shrimp made with fresh, flavorful ingredients."
e7708296-e74a-4bf1-9383-c33547cf2283,94b3ed98-d68e-4371-b116-16868fe263dc,Zucchini Noodles Pesto,"Delicious zucchini noodles pesto made with fresh, flavorful ingredients."
d2434745-68e1-436f-b086-fe4057d85d98,ba9ffade-87a7-4c05-8af7-99015913bd31,Grilled Steak Chimichurri,"Delicious grilled steak chimichurri made with fresh, flavorful ingredients."
fceaa7a3-2ede-4e36-b5d0-07cbd2098f5a,4981a66c-c44d-4697-a0ab-2b57db9d4e96,Pork Carnitas Tacos,"Delicious pork carnitas tacos made with fresh, flavorful ingredients."
ca73d2bb-0870-423d-8228-2247c1a83802,8032fc62-eee9-4631-94b3-6537756011d1,Lentil Dahl,"Delicious lentil dahl made with fresh, flavorful ingredients."
76ef05e5-46e1-434f-b5b0-3de39d5bb249,0cf9dac4-f665-45d3-b38e-5103562eef4f,Tofu Katsu Bowl,"Delicious tofu katsu bowl made with fresh, flavorful ingredients."
d9cd13c6-77bd-4930-9a08-ba933ee627de,480779f0-5692-4c60-918f-b1ec322a67dd,Mango Chicken Salad,"Delicious mango chicken salad made with fresh, flavorful ingredients."
c4536aa2-9ddc-4e91-b2a9-b6f08dfa94c1,dce5364e-b3e3-446d-81ce-cfa537871a04,Shakshuka,"Delicious shakshuka made with fresh, flavorful ingredients."
bfb1a350-e49f-4b55-981b-08fab2fd9d07,85b5474a-57d4-4362-baef-8bf4b493de8f,Pad Thai Shrimp,"Delicious pad thai shrimp made with fresh, flavorful ingredients."
4d202907-97b4-4c71-a081-6ffeca051e0c,29661fa1-a7dc-432a-b01d-370a9bac4d61,Sweet Potato Tacos,"Delicious sweet potato tacos made with fresh, flavorful ingredients."
32d2ffd7-dbfd-4452-8f64-9ca02a33d51c,f49f31a4-a7b0-4936-85bd-db90dc9443a9,Egg Fried Rice,"Delicious egg fried rice made with fresh, flavorful ingredients."
5788f738-cebe-42d3-9c40-035b3389834d,e2e5d28e-11b6-4d84-9a17-8cffd5e10fd6,Caponata,"Delicious caponata made with fresh, flavorful ingredients."
83af4e7f-f9c5-4f84-8772-8db65c848671,a929494c-86aa-4582-a468-56aad030aab2,Miso Soup,"Delicious miso soup made with fresh, flavorful ingredients."
35e54486-8e65-46f5-9e7d-c48ad7c97193,6763c93a-b438-48e5-be1d-c838658edbb8,Greek Stuffed Peppers,"Delicious greek stuffed peppers made with fresh, flavorful ingredients."
ab46b1f5-a822-45b0-bdb2-11ccdcf98abf,8032fc62-eee9-4631-94b3-6537756011d1,Falafel Plate,"Delicious falafel plate made with fresh, flavorful ingredients."
fa638a11-b94b-4c11-a032-63c2314ab0c1,cd153e2d-2e85-4fb5-a1d6-5e32a2a55175,Korean Beef Bowl,"Delicious korean beef bowl made with fresh, flavorful ingredients."
9a9ebfe5-84c1-4ff6-baf4-735c54ca9614,28a79883-895d-4ed7-b50b-cba8f7cc0fbb,Cucumber Sushi Rolls,"Delicious cucumber sushi rolls made with fresh, flavorful ingredients."
444e42c2-f419-47ba-aa3b-debea39b5305,aab5ff0a-2ec3-4d60-843d-4f88c32bbc8c,Pumpkin Soup,"Delicious pumpkin soup made with fresh, flavorful ingredients."
ad3003b5-3e11-4579-aa3a-9f8c881c0073,861313ba-292d-45ba-bc1d-841a0c40b46b,Veggie Stir Fry,"Delicious veggie stir fry made with fresh, flavorful ingredients."
89e19559-78d9-497c-a128-dc257dfe3353,9a1f8635-0d88-4fa8-aba3-a4c0ff0d2d6c,Almond-Crusted Chicken,"Delicious almond-crusted chicken made with fresh, flavorful ingredients."
8ed331c1-c540-4a45-a5db-f450ee745cc9,5bca54c5-d852-4f6f-94f4-8579c81735c2,Honey Garlic Salmon,"Delicious honey garlic salmon made with fresh, flavorful ingredients."
3d35e662-e957-4eaa-b80f-420524f5f072,4ad7afe7-52e8-4ebf-a05b-ba0412b83a5c,Arugula Parmesan Pizza,"Delicious arugula parmesan pizza made with fresh, flavorful ingredients."
42827e1d-da01-477b-8537-53074e16ca40,6dea04ef-eec2-44aa-a595-919f9af3e6fb,Pine Nut Pesto Pasta,"Delicious pine nut pesto pasta made with fresh, flavorful ingredients."
6baad9a1-0ef6-40d1-b0f1-1028340cd0c2,7cd66880-5c4e-4e4d-b966-92cb060ac2cc,Jalape�o popper,"Delicious Jalape�o popper made with fresh, flavorful ingredients."
e37edf57-08ba-42fc-bc81-1e21fec201ab,a4cd57c2-81a3-46b2-b810-24da3c624c5e,Ricotta Pancakes with Blueberries,"Delicious ricotta pancakes with blueberries made with fresh, flavorful ingredients."
6cb1750d-abbe-4654-8456-19d55361684e,c882a0e7-d465-45cc-89ce-d50fb90429e1,Kale Caesar Salad,"Delicious kale caesar salad made with fresh, flavorful ingredients."
06b2ba00-66a2-4c95-a3a0-c0f820e2e531,480779f0-5692-4c60-918f-b1ec322a67dd,Panko-Crusted Fish,"Delicious panko-crusted fish made with fresh, flavorful ingredients."
e41c83a6-9043-4d5f-8e1d-fc903418929c,2106fdc5-09b6-45e0-9193-627563a2a0ae,Artichoke and Sun-Dried Tomato Pizza,"Delicious artichoke and sun-dried tomato pizza made with fresh, flavorful ingredients."
20bf2fa7-82b1-4df0-85fa-37c0f81be40a,2106fdc5-09b6-45e0-9193-627563a2a0ae,Prosciutto-Wrapped Asparagus,"Delicious prosciutto-wrapped asparagus made with fresh, flavorful ingredients."
188781a6-b04b-4ae5-8689-18be9ed39099,7df670c3-6ee0-4856-959b-434b096543a7,Tahini Edamame Bowl,"Delicious tahini edamame bowl made with fresh, flavorful ingredients."
3c0152ab-a2c4-414f-99da-7006f85a7d9d,7df670c3-6ee0-4856-959b-434b096543a7,Sriracha Chicken Wings,"Delicious sriracha chicken wings made with fresh, flavorful ingredients."
03ed6792-a6e5-4bcc-a251-2502babe234b,b84905ed-d855-4a2c-aab8-f2e76018d9ac,Hazelnut Chocolate Tart,"Delicious hazelnut chocolate tart made with fresh, flavorful ingredients."
6838126d-0e83-4378-8c28-ae8249ecec6f,0f993b81-020b-4762-a772-623ddb4f16ca,Seaweed Avocado Sushi Rolls,"Delicious seaweed avocado sushi rolls made with fresh, flavorful ingredients."
11f1d9b5-d024-49b3-a15c-e1195fc583de,71479385-155b-4dee-bda2-926cc11fa1be,Blueberry Smoothie Bowl,"Delicious blueberry smoothie bowl made with fresh, flavorful ingredients."
95986ff4-f224-434d-aecf-5b6895fa021d,3419d770-e0d4-4590-b02c-4531e3c70110,Sun-Dried Tomato Pasta,"Delicious sun-dried tomato pasta made with fresh, flavorful ingredients."
4f42e69f-fd02-4cfb-8e0b-4671b43c88ce,0cf9dac4-f665-45d3-b38e-5103562eef4f,Kale and Quinoa Bowl,"Delicious kale and quinoa bowl made with fresh, flavorful ingredients."
0d7ef19a-5067-4eea-b407-cb487a617a70,ba9ffade-87a7-4c05-8af7-99015913bd31,Edamame Stir Fry,"Delicious edamame stir fry made with fresh, flavorful ingredients."
19e09466-aaaa-4637-a9b3-b7d203ec8d29,a45879da-d564-4ec6-b4cf-3c4ab5393c74,Ricotta Stuffed Shells,"Delicious ricotta stuffed shells made with fresh, flavorful ingredients."
b164f9c2-ca4a-48e5-baf9-773aa02a8970,6763c93a-b438-48e5-be1d-c838658edbb8,Panko Chicken Tenders,"Delicious panko chicken tenders made with fresh, flavorful ingredients."
4a032fa3-69ad-44f3-b0aa-808fb39770af,fd061d74-30ef-4827-8ca7-0591587b6121,Artichoke Spinach Dip,"Delicious artichoke spinach dip made with fresh, flavorful ingredients."
ec1d2534-2dfd-4ddc-ab7d-1673b2bea6cd,0cf9dac4-f665-45d3-b38e-5103562eef4f,Prosciutto Fig Flatbread,"Delicious prosciutto fig flatbread made with fresh, flavorful ingredients."
41f8724e-3734-4ca1-8369-4680dcc3150f,6763c93a-b438-48e5-be1d-c838658edbb8,Tahini Lemon Dressing Salad,"Delicious tahini lemon dressing salad made with fresh, flavorful ingredients."
c6a9d671-867c-4aa8-8b96-14bce876b3b5,85b5474a-57d4-4362-baef-8bf4b493de8f,Sriracha Tofu Stir Fry,"Delicious sriracha tofu stir fry made with fresh, flavorful ingredients."
f9e24e28-02ab-4cf3-8fe0-647b2336c8ab,a929494c-86aa-4582-a468-56aad030aab2,Hazelnut Crusted Goat Cheese,"Delicious hazelnut crusted goat cheese made with fresh, flavorful ingredients."
1988cfb0-6486-421d-bad6-0526f3124d44,15f78e6d-8c1b-4759-98bd-4626a52785ea,Seaweed Rice Crackers,"Delicious seaweed rice crackers made with fresh, flavorful ingredients."
1424c412-731c-4ddb-b69f-8ae4348b46fc,71479385-155b-4dee-bda2-926cc11fa1be,Blueberry Muffins,"Delicious blueberry muffins made with fresh, flavorful ingredients."
70ba18d3-0818-4192-b019-561c8ac60542,9f564c7e-a66a-4d60-93ff-566634c0d9eb,Kale Chips with Parmesan,"Delicious kale chips with parmesan made with fresh, flavorful ingredients."
48822468-ac84-4d29-9f1e-ff641ff31876,13482ffd-b21f-4251-ad36-7c64dece7822,Panko Shrimp Tempura,"Delicious panko shrimp tempura made with fresh, flavorful ingredients."
9434de83-4f06-443b-a159-307851837913,7cd66880-5c4e-4e4d-b966-92cb060ac2cc,Sun-Dried Tomato Focaccia,"Delicious sun-dried tomato focaccia made with fresh, flavorful ingredients."
3e404b2f-5e29-41a2-ac9a-4dd45a02dfdf,1b2bd97a-ebca-4329-a35a-fd5705ad8c0b,Butternut Squash Soup,"Delicious butternut squash soup made with fresh, flavorful ingredients."
7be66667-34bf-4fc4-a1f4-a03b37a1b9aa,b84905ed-d855-4a2c-aab8-f2e76018d9ac,Farro Beet Salad,"Delicious farro beet salad made with fresh, flavorful ingredients."
d5fc6914-1b45-4db3-8d7b-93662e994dfc,1a3217ba-b9e3-454b-8b49-c92b25792adc,Grilled Halloumi with Pea Shoots,"Delicious grilled halloumi with pea shoots made with fresh, flavorful ingredients."
fac47c76-be3d-4b7f-954b-f5d488399c58,1a3217ba-b9e3-454b-8b49-c92b25792adc,Kimchi Fried Rice,"Delicious kimchi fried rice made with fresh, flavorful ingredients."
337f94fe-cc55-4202-a2cf-4e8305c49262,c21f382f-106a-49f3-ba38-0a19fdf92f2d,Gochujang Chicken Wings,"Delicious gochujang chicken wings made with fresh, flavorful ingredients."
48e7d279-61be-4162-8674-0660e748fa63,87832d28-254a-4a0b-8370-c6214e199fb5,Black Garlic Pasta,"Delicious black garlic pasta made with fresh, flavorful ingredients."
d1839ec4-e7ba-46a3-87fd-d36326ab4edf,cdcbddb3-3152-495b-acd1-1c31697152eb,Burrata Caprese Salad,"Delicious burrata caprese salad made with fresh, flavorful ingredients."
4c07ffe5-6992-49c8-a8d4-cf7559c3c896,9a1f8635-0d88-4fa8-aba3-a4c0ff0d2d6c,Pea Shoot Stir Fry,"Delicious pea shoot stir fry made with fresh, flavorful ingredients."
2e24f8bb-3803-41a5-b835-4ac289233f6d,4a1ccc3b-f5c0-4953-8284-459a4db4874d,Chia Seed Pudding,"Delicious chia seed pudding made with fresh, flavorful ingredients."
c931a9fb-0805-43e7-a919-acf3a7fa6edb,703aea7e-df98-4291-a1ef-fa6411711a60,Acai Smoothie Bowl,"Delicious acai smoothie bowl made with fresh, flavorful ingredients."
c7e66d5a-99a8-40ed-9d5d-cc6af5d44911,1005f846-b91d-42bf-9504-5dbfb0035785,Tempeh Stir Fry,"Delicious tempeh stir fry made with fresh, flavorful ingredients."
cd294a49-7cbd-4082-bb88-1260b7e030c4,e7214fd1-4e49-4a46-a09a-93a074d44de6,Pecorino Romano Carbonara,"Delicious pecorino romano carbonara made with fresh, flavorful ingredients."
98e1f173-1b0c-4a7f-b929-bd453c536bf8,a45879da-d564-4ec6-b4cf-3c4ab5393c74,Harissa Roasted Carrots,"Delicious harissa roasted carrots made with fresh, flavorful ingredients."
091c8a5d-7327-48ad-ae9d-6ab2f2b1228f,14cf6b16-a816-4d9a-86a7-92d03f8db22e,Sumac Chicken Thighs,"Delicious sumac chicken thighs made with fresh, flavorful ingredients."
2c0dabe6-e629-45f1-b8bc-3b866e8c86c2,4981a66c-c44d-4697-a0ab-2b57db9d4e96,Miso Glazed Salmon,"Delicious miso glazed salmon made with fresh, flavorful ingredients."
72298cc4-89d8-4447-858f-ba7f6c2e7096,0f993b81-020b-4762-a772-623ddb4f16ca,Soba Noodle Salad,"Delicious soba noodle salad made with fresh, flavorful ingredients."
2cb699a0-8278-40a8-8659-bf68fbb00d2b,b431e1fd-5549-401d-9976-931d3a3d9501,Nori Wrapped Tofu Bites,"Delicious nori wrapped tofu bites made with fresh, flavorful ingredients."
2721571f-c2de-4ef9-a435-bafc3974fd56,1e0447f6-2e6c-4573-a904-5c4325df9408,Cardamom Spiced Cake,"Delicious cardamom spiced cake made with fresh, flavorful ingredients."
b15190c0-3f8c-4085-8538-4ceddb11db9a,4981a66c-c44d-4697-a0ab-2b57db9d4e96,Lemongrass Chicken Skewers,"Delicious lemongrass chicken skewers made with fresh, flavorful ingredients."
33764feb-6eeb-44f7-a3c7-8a629ae77185,b431e1fd-5549-401d-9976-931d3a3d9501,Matcha Cheesecake,"Delicious matcha cheesecake made with fresh, flavorful ingredients."
387cabec-3b60-455a-9e31-e13874280a59,59a4179c-895b-4b1f-a90f-fc9f78b93986,Halloumi Burger,"Delicious halloumi burger made with fresh, flavorful ingredients."
4450377c-0503-445f-882b-e167fc05a084,8e8731cb-7373-49cd-a102-33f8ee18abd1,Kimchi Pancakes,"Delicious kimchi pancakes made with fresh, flavorful ingredients."
17c8b7db-486f-46e9-b140-0c002c1280bf,1005f846-b91d-42bf-9504-5dbfb0035785,Gochujang Tofu Bowl,"Delicious gochujang tofu bowl made with fresh, flavorful ingredients."
200bda18-6681-455d-9a1a-33f30b6cd1c9,41c10e28-d5a9-4926-ad84-c90ca1a6bc8c,Black Garlic Ramen,"Delicious black garlic ramen made with fresh, flavorful ingredients."
8b85df92-0f67-46b5-b438-d5afdb0e721b,58d6eb82-86c7-4ddf-832b-d82db5fe19c9,Burrata Flatbread,"Delicious burrata flatbread made with fresh, flavorful ingredients."
d709f605-b230-4497-ab86-c93f1a22e4ed,dce5364e-b3e3-446d-81ce-cfa537871a04,Pea Shoot Omelette,"Delicious pea shoot omelette made with fresh, flavorful ingredients."
318db0bf-eff3-4176-9e56-3af7398610c6,e4d8c7fb-aa64-4add-baad-53edc016a012,Chia Seed Energy Bites,"Delicious chia seed energy bites made with fresh, flavorful ingredients."
02a9af0a-3fe8-4987-a939-744de97d97f9,71479385-155b-4dee-bda2-926cc11fa1be,Acai Breakfast Parfait,"Delicious acai breakfast parfait made with fresh, flavorful ingredients."
f8ea64ba-e486-4d73-a1ec-ab670fbfadac,22ca4376-ad88-41e9-bc20-f44f270765f8,Tempeh Tacos,"Delicious tempeh tacos made with fresh, flavorful ingredients."
b73c61fa-be19-4500-9548-0e28e625a086,3ad232c9-a67a-4570-98e1-2e3665befda7,Pecorino Asparagus Risotto,"Delicious pecorino asparagus risotto made with fresh, flavorful ingredients."
a24b8f65-a674-41c6-8db4-0d3ae1fb5b0c,e2e5d28e-11b6-4d84-9a17-8cffd5e10fd6,Harissa Chicken Sandwich,"Delicious harissa chicken sandwich made with fresh, flavorful ingredients."
57a2ffa8-9b41-4e46-9091-127ce5563a92,4981a66c-c44d-4697-a0ab-2b57db9d4e96,Sumac Roasted Potatoes,"Delicious sumac roasted potatoes made with fresh, flavorful ingredients."
78644f53-c1d0-48c8-9f52-1ba3edf3f7eb,e2e5d28e-11b6-4d84-9a17-8cffd5e10fd6,Miso Soup with Tofu,"Delicious miso soup with tofu made with fresh, flavorful ingredients."
68ead65d-3799-4089-9eac-9e443938b42c,d33f718d-97b6-4d42-adc1-856b31ded5b4,Soba Noodle Stir Fry,"Delicious soba noodle stir fry made with fresh, flavorful ingredients."
9a261637-fd3e-4ec7-a8de-5e5d1ffda6a4,24e6327b-5650-473d-9ec7-3ec0316cda54,Nori Snack Rolls,"Delicious nori snack rolls made with fresh, flavorful ingredients."
b2d20cd9-e2a3-405f-a7e6-6b57d07e1d4b,87832d28-254a-4a0b-8370-c6214e199fb5,Cardamom Coffee Cake,"Delicious cardamom coffee cake made with fresh, flavorful ingredients."
a1dacd6d-cba4-4482-9048-f05754bec294,f49f31a4-a7b0-4936-85bd-db90dc9443a9,Lemongrass Shrimp Curry,"Delicious lemongrass shrimp curry made with fresh, flavorful ingredients."
29084bf8-0fbd-46c1-b03e-ee59a61bd1b3,f208fe65-10ee-4624-92fa-abf85ed5813a,Matcha Latte,"Delicious matcha latte made with fresh, flavorful ingredients."
dd60017d-ae3e-42a0-aca2-a26caa0665e8,19bd7164-52a7-42d5-94ff-6431dd51e32d,Farro Mushroom Pilaf,"Delicious farro mushroom pilaf made with fresh, flavorful ingredients."
5bcd15b5-50af-46b6-82be-48b80362d49e,a4cd57c2-81a3-46b2-b810-24da3c624c5e,Butternut Squash Risotto,"Delicious butternut squash risotto made with fresh, flavorful ingredients."
3a0fd3f0-63b3-4f00-8cc7-383f8c922784,e5937b13-956c-4aff-9d64-73e180a77f99,Burrata Bruschetta,"Delicious burrata bruschetta made with fresh, flavorful ingredients."
7d7b0dbb-a8cf-479b-a38b-8c88a7343cd9,a0cf0f43-62ab-4c26-8265-dbbbd4720457,Gochujang BBQ Ribs,"Delicious gochujang bbq ribs made with fresh, flavorful ingredients."
795a767e-ee3d-4a61-ab18-66cd406fdcd7,2cba46e9-a2c0-4254-97b6-b1cfb17b7fda,Pea Shoot Pasta,"Delicious pea shoot pasta made with fresh, flavorful ingredients."
4fccc964-946d-46d1-947d-fcc71c15eafc,e1850e4b-e020-4b6c-a7e4-722c7433166f,Acai Chia Pudding,"Delicious acai chia pudding made with fresh, flavorful ingredients."
9014a456-74b2-4653-a977-ed090f0496f5,b84905ed-d855-4a2c-aab8-f2e76018d9ac,Harissa Lamb Chops,"Delicious harissa lamb chops made with fresh, flavorful ingredients."
dc95222f-7679-4ecb-b00e-33d1f9bf8108,703aea7e-df98-4291-a1ef-fa6411711a60,Sumac Eggplant Dip,"Delicious sumac eggplant dip made with fresh, flavorful ingredients."
2264191d-1707-46d0-9cef-d72b0a05cb57,f208fe65-10ee-4624-92fa-abf85ed5813a,Miso Marinated Cod,"Delicious miso marinated cod made with fresh, flavorful ingredients."
319ff1d8-6ca9-4572-a2bd-4aa6306a5a37,6763c93a-b438-48e5-be1d-c838658edbb8,Soba Noodle Soup,"Delicious soba noodle soup made with fresh, flavorful ingredients."
f9380c62-bad6-4b21-9873-615c4138c9f0,e1850e4b-e020-4b6c-a7e4-722c7433166f,Matcha Ice Cream,"Delicious matcha ice cream made with fresh, flavorful ingredients."
