id,username
efb10591-3c23-4073-98a7-989bad3d7f14,martinsara
d805c655-36ac-4eac-b297-7b458ef9087c,maria45
50af586f-5174-4e4d-bb57-d0052a9c1a57,margaretsanchez
3c9a4e66-68db-4dce-8b2d-2df2ef3e5dc9,garcialoretta
26ece71f-4baf-4c22-afdb-9c683b8da83f,prestonmarc
1c249583-52da-4e4f-8b62-9700d363def0,susan74
5536ebdf-06cb-4c71-bc4c-75cbadf9a3cc,judithchase
90d96f66-6b4a-49c3-a23c-6312a39ea871,seanmiller
e26635be-7d5c-448f-b31e-cffdd19ea9a2,mdiaz
6a1211b3-15ac-4a64-8707-70a16ad59962,loganandrew
a2ffb67f-3066-4556-afb2-8f461e7761df,richard42
53e49eb4-c769-492a-b70c-9f72641c369d,pmiller
1d9e4b6f-8a8d-4497-b69b-c9c78fce8cd6,mmcgee
f5079d4d-5947-4d55-901c-834a19e7d218,lisa46
f2bbea8e-b167-4080-a04c-3a95fbfc8f15,stephendavis
daf4c86a-e175-47e8-9f8e-139f68d4a85f,yortiz
76823633-24d7-4aac-abe4-253bf21bf811,jennifer10
047e8536-1aeb-4bd3-abbf-724d88e0f1cc,tmckee
a8392947-44d6-4c61-805a-013bdafbedfa,smckinney
7e6533a7-62d3-424e-9886-dd078f845ff8,yeseniahurley
91d79dd8-8145-4239-865f-2585feca9588,gbrown
56011345-c23d-4495-9044-aa161ad5a265,jasonwilliams
0d9f64ed-e7ea-46b0-bd01-d8c91b3c6f6f,edwardmarshall
15443bb9-5bae-4a4e-8e2a-69a4cc33f00e,damoncruz
6095c537-02af-4f14-a56f-197b2189438a,ureed
ccc357eb-582c-461c-970b-823e6cc794c1,shawnajohnson
8037cc7d-5df2-4b51-bc6c-c94466c408b6,williamsalazar
236eea7e-ff7b-419a-8fc0-ad0f430805b4,cphillips
9e80892a-af12-4b62-b7e6-b8aa53c7f971,heathersalazar
42c4f090-3c5b-4979-9cea-1c62709f9e71,jamiebryan
fca88a2f-44c1-48f9-aea2-1fa39b724754,maryfarley
867b0c3b-0ba2-42b7-91ad-7b466fd49091,lance76
46625b69-097e-44f6-a1a8-0d2958eed9e4,kristen74
cc3e0b82-a621-4cc6-88f6-06da9b75e787,terri66
c6a8a316-1e0a-4e8b-b90f-cb65a838f3b1,lisaedwards
0dbec2b3-aca9-42fc-887f-f5d2ab409348,ccoleman
a1bfea14-b463-4ab7-8e88-9980cf8fb690,jimenezstephanie
68bbe562-eff6-42ec-815b-51b6ed047563,jdecker
783250d3-1b9f-4132-b637-974432a0a86a,nancy04
3694c900-37b9-4653-99f8-cc36ee6ed537,amandasexton
31589a1c-e533-4a55-a58e-ee060bc07f56,josephsanders
9676ba48-07e6-4489-9100-1e740cf8ffa6,dianebryan
94b5e3c6-868e-4513-b85e-c0fe6320f0fe,patrick87
c8f2f190-1e45-42e7-aa80-4ed8ae3e5800,austinclark
3002748d-ae47-4706-b67a-e6226dee53f2,arroyosarah
1e157c5b-01fc-4fbc-af26-396da9e8e4af,marycole
e9d7b82b-a2f1-46ce-b74d-41a6f1724d63,jacksonjohn
497785a7-6e53-40d0-9cb5-4aa4ddeb19fc,leonardvaughan
2d43b3a6-9008-44bc-85b7-18854a9b277f,frodriguez
25a3813f-bbbd-4e48-b93e-7438ff3af3c3,kbyrd
b79d9ece-891d-480c-b094-0bf1be7edd02,philliplewis
c46b1464-7ad1-42f0-8e64-0ff68d9f3962,anthonykennedy
e151695b-78e2-4e8f-8d29-6d042f676a8e,christopher03
45865682-db36-4f41-85a0-65ea379cffe1,debra59
a5360ca8-1094-4a12-9a62-730d95b55d25,josephjulie
88a581f3-55e0-41ff-8726-8299f9d21d72,merrittjames
504b3691-4867-4068-959d-b79490206b5c,liandrew
7a6f4f3d-1f14-4531-ab76-0a2da5e4289a,josephjones
5371421e-83eb-47be-9fb6-9c3f550b0887,daniellemarshall
6efe127a-afda-4cf6-9f9e-921dafd559c3,philipjackson
43ad035a-8df2-459d-9679-fd4e16f2cafe,travis32
3021107f-1237-411d-b618-6af649f5c720,carla93
c0e04a30-6465-4df9-bab9-9774b2e41c07,hharmon
705ea01b-01f4-4c12-9e54-e387a628a268,katherine78
4a99f6e9-eb9a-42f9-9e68-ddc6778cbc7c,heather92
4b9de64b-26fe-4f3c-9521-4d164c013cdc,tgrant
090f8bb3-5527-4065-94a6-17179327f29d,kayla37
5db6632b-3913-4ce3-ae1d-6c22912d4b16,jasmine86
2879454d-9096-4d3b-94e2-a13839b000f6,dianewilson
30a7ced6-a69d-44f5-9d4a-8c121bc5072e,monicawilliams
b3b52d63-0f08-4013-83df-e19302705dfe,daniel96
f13ffdc5-48a3-42b4-85bc-7e5b3f9a7804,kellymason
53100032-a974-4dfa-b333-c8d107ecab57,kenneth82
93217cb1-cea4-48f5-bb73-9452198561b9,james97
397f6c92-9009-4a7f-a67f-a1413ebddea6,eugenecortez
ca4cfc80-6e57-4fd3-ab12-2dd856b37c50,jmckinney
924efd0b-2e8b-45d5-a1ef-b963b1f3a305,jjackson
7ebae846-012a-4dfd-9943-53bd9889f3bd,rmartinez
acde3871-414b-4ba7-839a-bcbd619d486a,davisdarrell
65f4921c-d481-4323-a66f-1c927444c476,dperez
bffd1202-4066-4204-89ec-16876c21849d,cpatel
1719c5f3-efee-45e3-80e2-fbcd7335b3d7,jessica55
21014eae-b473-4323-b57e-862028c38452,mcdowelljulia
8712d258-f7f2-4171-99cb-733cf6e57b4e,josephrichardson
fb110b25-050b-4499-91a0-dff8f145f526,robert75
c8992a9e-06fd-49d6-bda3-d806a615788c,byrdbrianna
630a967b-a86b-4511-bbff-a0bd04312cef,joseph49
95f77e27-c39d-4f2e-8861-519bc13b3bdf,bishopryan
fa42d6d0-6005-43f6-ae07-2c06bdd11e37,jlloyd
547fbb75-2e35-45c1-bdf0-120dad27ff05,amy04
a38399de-cfe6-4ab1-a516-00a8a33d922c,penajudy
63ae9023-df54-435a-9130-1eb44269f400,jonathan70
d6b5d60f-7229-4547-9f93-1553a20549ed,jacoblester
dda54e0d-6b6b-48e6-aedd-cf5d10fc3bf1,pcollins
dc2eb853-54fe-4cf2-9711-4fbe3d7b21ae,dorothy95
9718392a-6ab5-46fe-af71-cbbcb79ea8df,walter37
d25dbd89-02cd-41e9-adce-d7892bfb41a7,evan59
e923e5e1-50fd-4610-a558-cd28c84ba746,karen16
bdbdc9c9-5210-4945-927b-0a859edafd90,taylorchristopher
e036a5fb-68f7-4000-87c6-ac1cc4ed35d1,lisawhite
25838d03-22a4-4f6a-8b2e-761be75a37bb,ryanevans
b24447d3-5cb2-4a9d-ba9e-8a901c7a54b3,garciaeric
3031e603-3d85-4e67-96ed-3f23ca2f215c,cheryl14
38bd81db-4aee-42a9-a2d4-5d85e50602e5,marc79
bd7527f4-4c43-4778-874b-696d2e8bbd5c,andrea92
d477b47b-cea4-4d4e-9df0-b46569dab521,hugheskatherine
df297ad9-0dfc-4e7e-b6d8-10c92983548c,nicholascooper
eb7855db-6e07-47c2-a33f-2633aca64faf,lindseythompson
cbae3a3b-dc32-4eff-8427-ae643e18e3b4,yschmidt
9fabe67d-6190-413a-89eb-ca9f261b101f,paulfranco
e8d3ba88-a8a1-46c9-82b4-95319b0244b6,sean47
53577e62-4c2a-42e0-9f4e-f31b54e1e69e,norrisjacob
ab453556-90cd-497b-85fd-99a9c9ea68e8,williamsrebecca
82603a69-2409-4b86-ad46-3f858f21ce07,zhopkins
b66c1d18-2ee1-43e0-bfa2-0998bbeaf342,traceylove
16d94df6-0055-4aa4-9dd7-d7d9d18edc08,daniel77
32d7a9c9-2709-4e2b-b813-f493b8c3f7e3,kristybarnett
06625c36-8852-41f3-8d5e-5a2fbb3ff1b1,loritran
47e6b119-87bf-4768-9efb-25ec8ee4c40b,cbrown
63f303c4-0250-499f-97fe-e4305cd402b5,elizabethjackson
8037a04d-7398-43e9-8250-90eae577bbcb,joshua30
b3e2fafd-cce9-4929-a172-6024cd25fb9e,robert20
72a38df7-b335-4868-a87c-a081ba201dde,joseph90
0fe2f807-8105-4503-8698-7ede04e4ebc1,johnsellers
22241889-f673-448f-b9c8-f911520719db,sarah49
4e087d77-4a98-4d8a-ab9c-bc7fb32adf5b,annamoore
71fd4059-069b-48a0-be9d-0e0b58d1bc56,troysmith
f3164017-936a-468b-b17a-bc8760bb4440,hollowayraymond
e56ce733-7421-4cf4-bd9d-09ca9c89af5d,robertgreen
2da91133-bc42-4728-9f05-168829702b24,fchang
d3588268-74b4-420c-8d92-0cf5a2b91379,heather64
1826d756-ee2b-4827-b618-57c19a49a19d,zballard
25ae6ec3-10db-4e5c-b37e-23f29e5e9c8a,erin68
30e77ddf-5e7c-428a-a01b-fa035a68d3ca,qpalmer
05d86c22-c64d-4335-a43d-52eb1c9a04c6,cynthia35
b5ac377e-fad5-4e74-8d7c-84d045b95ba3,michael17
8c8442cc-d89c-4281-824c-296da5b803b7,lopezgregory
17207106-4c11-431a-b96c-c4f1502cc41f,hmills
1669d13b-c8c3-471d-9bdd-ba545809bdc6,audreythompson
1a6c92a1-7a4f-4d76-aff0-c68d191326f8,sandra22
f632de2c-f408-4e82-aacb-72cd3c574125,zpadilla
28ecfacf-5a69-4a1f-a5be-44978d24a95c,santanajeffrey
c62712f8-d868-4caf-a2ab-42ec379addb8,jcombs
4e163b59-d311-47f9-99d8-d8bb3250bf2e,neilmarsh
26f4def4-e9c7-419a-8450-84fdfeff03a4,colesusan
593ea079-7b5d-4146-9924-223f92f83e6d,timothygutierrez
9b38e3a0-417c-4706-b51d-29b492567c38,weaverbrandon
278097f6-b4bf-4e4d-814c-1f1970665f25,ashley99
5d7c9a80-2687-4d25-b621-3f0a769401c5,troy82
7cebfb9f-8fec-487a-b0ae-c6622cff4964,rebecca98
a40a4ac7-07c4-4d34-a3d5-4e7bc8365a38,ywilson
76c023a7-8943-4cd7-95f7-f56130b9d43e,grace21
d7ba8aff-7659-4adb-9886-581722dd70e3,diane96
890b5529-d093-41a1-9aa0-8defb31fbd1b,lisaleach
fc3c49ad-8ad7-4309-b13e-ee2a4ca368e7,carolyn80
fbe44967-5708-4423-ac9b-b76f558bb9a9,campbellsean
b3b9aa43-0a3e-440f-8801-e8278aea6067,hodgesjames
b7f2823d-b8c5-4c92-8a82-f1b9688e2950,douglasgonzalez
f83fefdf-337f-4660-8526-24df8026a62b,huffnorman
ff81d810-1539-4f78-bd71-710e83b61b69,williamsvictoria
65614932-6398-4648-b53f-3af1f2a654f5,obell
901a5226-03fa-48de-bd52-58c9d2a04f6e,rebeccadavis
aeb17e22-b5e3-4d2f-9fa6-b6f79dac55fb,sarahgarcia
4eb125c0-0ff7-4b4a-8709-ac92e563eeca,daniel66
93102470-a8e0-4925-a2d1-48f6462d8de9,deansusan
fa713e62-d795-4d16-b281-b30768171009,keithharmon
097cd07a-baba-4ca2-affe-4f261a2a298f,johnstonlauren
caa82257-5389-4c72-afe1-ae1181fdd011,williamwoods
9ee243e1-054b-4a36-8b2f-00ec0e6be3ad,ujohnson
be274344-20ce-4ca0-84a5-e2e618158c6f,kramirez
4dbd0cd1-b67f-4098-bc3d-1a2174b70408,ronaldsloan
92e966e6-cb5c-455a-8f28-b0cdde1520a2,adkinskrystal
6f20b00d-09e8-4a5c-966f-07d149d89a32,melissa56
8d387791-ac22-4267-8530-4c50fa301c65,montgomerydaniel
2663e398-e8e5-4ca9-bb19-64a97d4d7567,joelkelley
f2eda6bd-11a8-4b22-ba39-f3a61d4d9270,carrolltimothy
d77e55c5-a488-423d-87b9-ecdca5be2586,shawn16
8dd8e543-1ebd-493c-843d-f66daad8232d,stoutemily
4706c017-42fe-4cab-ae63-631311352b1a,bassjose
edd49b14-dea0-434a-856d-0f2ee2c07a78,timothyscott
7afd126b-0047-4828-b3c7-7d43075f55cd,dustinparker
72e319e5-c5dd-48ff-9942-3fdfe71d908e,bryan58
bec93f1c-a6e2-4cb6-8533-16129d0fc15b,kdavis
983b6c72-53ad-4a2a-a537-ae9bd48e1e84,xgreene
ca6fcaf2-f66f-4292-bfee-3f8a9d47903d,stevenstiffany
02fe180d-3169-4e33-99f3-27b8d382b091,angelabowers
9ec8ce61-a0e6-4c40-8a52-01769780ee91,timothyalvarez
bf57a730-c4ae-46e2-83e6-3f49ca38a283,jeffrey04
9fd74026-96bd-4da5-9679-b369036a7c63,evanwilson
e9af3834-63e4-4780-83f7-c89869969ccb,mary12
e8aaf255-438a-4a91-bc26-9f598ccdb226,thomas82
15c17770-ebc5-4437-ab33-b02dd1ec1c53,calvinschmidt
0056d11e-7ca0-4fc4-af4e-b7f5f736f266,maryjackson
b5fc1429-5bbd-49c5-85af-300832afe661,larrysloan
cea65c8a-b69e-4f9e-bf35-3e1ba8bbdcfe,patriciacook
a1aec183-43c7-4a85-9f64-60625b411816,dmoore
a6f1b2c4-20d1-4998-8300-c739d08b115c,pittskristen
7670ef18-9300-4fdf-97d7-89e845914b88,ashleyfields
1c949d02-1a16-4ffc-91c5-c615a84629d3,enunez
fb3f3bcb-9ab2-41f0-b380-79fe39d7850e,amanda37
435e3013-f0cd-4f8b-8ebd-840a3b52e361,karencunningham
93cbeffb-7571-4464-baa6-930fb04f56e3,danielbarnes
4b73c2af-122c-4941-9a89-b9b406fa707d,kevinfreeman
adc825dd-1b4e-4e3e-bf7f-09202c385e9c,jon98
e3d130f1-0547-4b12-9c69-7ffaf3ee8a4e,steven35
999a9f42-2e57-469e-8991-8e3fc71eec55,parkerchristopher
525b39fc-dbf1-4b40-ae69-f52eedbc51c2,rachel47
d5bcc83b-d745-4881-bd80-d9ce1de98217,shannon20
f98b90e8-5b2d-4c27-92e3-c6f8a79ad1e1,ldavis
4d62a17f-35ba-4521-b0fb-ecc957a61c13,christopherwiley
02f1dd77-8a1f-44f5-8895-9596f4ff0447,patrickberg
18f08dc9-eed9-4e1b-806b-d5f594233747,andrewlawson
11ece7c5-d62b-4677-ad07-c5ff2d4542c0,ortegasteven
08171483-cef2-42b8-9c97-6fd5ec4af3cb,fullerbrandon
22a7f57d-92a8-41d0-978a-79e516cff5f5,kristina24
5d74299b-cf3c-4342-9159-f200400d2be5,granthoward
2950a544-8c5b-4567-bf84-cb738960789a,valdezcarolyn
5d4d77bf-ae45-4da8-925a-15c22484866f,kaneholly
8f30a11c-d0fd-4383-b658-fcbedc1a1463,jeffreymartin
2523835c-dc2c-4aae-8549-3832bb256437,catherine86
2ae54664-4e78-4660-9ac1-44429fcdf0f5,jessica50
a5eb006f-9630-4631-ba96-4951e6e5031b,hthomas
1ce8a2b6-b1e8-4885-b3c5-a9aaccdeca03,lcooper
a4df3975-92d6-4a1d-9afd-590d0bd8df30,ymccormick
cdac2b5d-1557-435f-8738-9a1c22ea60af,sandragarcia
6dc3c715-74d7-4e85-b32b-d0050d517d8a,wernerronald
c10cdebe-e42f-43a3-8599-d1cca7538de4,samuelcollins
e82717af-8833-490c-9677-ab32fd22c86e,smithjohn
b529f42f-f4f0-489f-9c2c-284aed581791,patrickrichard
258954a2-8003-4404-ab68-15413415ea43,james30
60510896-6086-4b59-b07f-4c0aa0b86949,andersontonya
5169afa8-b7c8-439c-a0e7-bde9f64db525,william94
20c0356d-f409-43a4-b13e-c03534044391,malonejodi
2aa61f05-d3f2-4bcc-8303-c1346725b756,milesjennifer
5751d034-6fa7-4048-b216-bda4967b3257,pwalters
ac17c703-1674-4f2e-a481-8a639a5facea,teresa88
cfa1b29a-12af-48d0-bcdf-c3b638efc27b,brandondougherty
84a55410-4e33-4e78-87cc-01c2146f268d,ilawrence
9f5ba3d9-52aa-4903-be2f-5aabc7068610,tblackwell
c79a9eb0-7da7-47b7-acb1-595460c62bda,arthur94
12a82519-6d93-4aab-9286-15b1827a784f,brittanyreed
28fe153d-c77a-4e99-b72f-25dbf310020b,vaughanmisty
82d5cbd6-a6d4-43f1-a2eb-aa2c386c6f17,beckerjames
ec464c10-3fc7-4a30-b1f8-487d34419cdf,jarellano
e1816cb9-c22d-4912-a811-37da28642cd1,grantgalloway
0ff68168-af8d-4912-aa7a-5daed506cd22,vfrederick
5429da4c-37ca-456c-aac0-25517f64e341,christophergoodwin
7f851937-d0a3-49d2-af7b-781d802246aa,alexandergentry
4015b6da-fbb2-4045-9620-b840b7e44a73,johnsonmichelle
1797536d-5af1-4054-8ba7-c9b5292f2c8f,connorjackson
f1331dda-2051-4c8c-8226-beb9dcb8b16d,levihopkins
4b652434-1f23-4ae6-a7a5-172d1b8d98e4,rhonda47
1d2b77e0-7806-4784-9237-8e5bc3e00a6a,russellwanda
4d9248e6-8195-4d6d-8f85-6597962dd0a6,anthony09
a070f7bb-b44c-4ea1-b1e9-d17a7f6779a9,daltongonzalez
a53ff0ad-4237-42f9-9a67-0765a9566732,eweaver
6aeb5b5c-087e-4d68-b540-afe78d26313d,stephen51
b6927c8c-e2aa-4a35-a9ae-33369c8c1e46,shelly65
82b67811-711e-499d-92bd-7de369554038,steven04
a098e012-d7bf-4c0a-a76c-6a4020054c32,jack70
82fd6e60-218b-4734-ba6f-865b77b12896,wongmichael
378220a0-5d36-4482-a05f-745e1d5199be,lukegreene
66e6703d-bf6a-4c0d-ba1b-0b76eeec7dc6,jill15
656f0ce9-7d81-4a77-ae12-5acb56289fdd,brandy34
cb14bed3-968f-40ab-b751-e4627175f6c2,xmckenzie
87072f8f-9d9b-469c-adeb-49a7da77ebc6,woodscarrie
6b875a5f-e2a2-4e75-917c-b4bc80d64ac3,heather10
c551a6a5-bea9-405a-982a-621531e06f41,masonmelissa
208fbe05-a09d-41e3-bdd1-34984716c4d8,rjohnson
869f8a1d-0d0d-47c3-b87c-a3e91776d822,geraldvazquez
44d9cd17-3494-4821-826a-b2c7aafd7d8e,yukimberly
1e14a179-3937-4313-8fc3-8d2780de1df7,coreywalker
87924372-e81b-4b3f-9230-9d084c9f4858,welchmary
f180b0d5-c7ec-4dfd-adf7-0455a318f765,montgomerydanny
a9548026-2f4a-4f27-aa67-405fdd599d96,nbailey
71a69219-9a07-4e04-8aec-f8fcb4b3a0b7,ystanton
69a377ce-a583-4d5f-9c08-4b6d93de377c,qingram
d1a950d3-51ea-42b6-9a6c-f10ff6d65ac1,ylee
dcea2964-f8b4-4743-906d-641daa8a092b,alisonjones
1701e688-065c-4adb-ac30-8c6d7b7bdf6c,michellestevenson
d424b8fe-c31f-46eb-bd75-9653d2985550,sgarrison
3ee002fe-6f6d-4161-b980-ff9df17528cc,justinwebb
983774f7-7939-4c66-be37-ac743ae15e1a,pmiller
e58d99dd-9c1b-4789-9e2d-8dd2a808d78a,bonniewall
a0e8693c-f137-4b33-8a04-8ea6fb81888f,bentleyjason
c6684749-4309-4549-b007-83a8bd406498,wcarr
149efc1a-4059-4307-8365-f523f56e9a80,davidcarlson
7e14ee18-c274-4eaa-a9cb-25bd44549e6f,phuff
6948be08-fcfb-4d78-9f4d-5813f566fd32,vdavis
3b03db08-c972-4caa-9d43-b11cdd6033d8,sharon76
aa80e86d-ea15-45ab-b00a-8cf5e4bb40d1,jennifer61
281d755b-8a2e-41d0-8e44-df1b8d7461bc,savannahgarza
d5129a95-ddc2-4b97-a3c3-f045b719f777,byrdglenn
556c8d4e-d426-4641-8e6c-4da57cc42ebe,sfrey
02f84585-1276-48a4-bc50-cfe8097c7e47,ucaldwell
b52b877e-352a-4d07-8ee7-cca6982baae0,patrickgardner
a06c7d72-51a0-48ed-ba61-e4f9dbfcc73f,benitezcraig
ab39d5a4-3c6a-4762-b6f2-ff192347af2a,fhernandez
47a2417b-0ab0-445e-b96c-64911b75a4ef,julierobertson
4ba81714-56e0-4a5a-bc39-5ffe4ce6e6fb,samuel73
9e8f7e41-9b38-47de-8126-9c248f68fc17,cherylhopkins
1880f94f-cb03-40a1-a745-e3cce4936774,mariebarnes
fce6c818-f65f-4504-a0d7-6d9b1375dbcf,hintonbradley
06bbb0a1-556d-4dc2-8f17-41ac8b0cb1fd,sierramckay
850c5895-4211-4d3b-adaa-13c513ab1aca,lindaturner
0deb5a62-2375-4e25-b79b-415d460b186c,justin24
4765bde5-5502-42a9-a9d9-d8e741c18be6,lisa58
9be0a354-efa7-47af-a75d-0c9af57b6e8a,melissa12
2d0ac0cc-37ec-442a-820e-61a6d6a6b8d4,johnsonjohn
5b76cea5-73bd-4fdc-a6b8-75925d7a1bed,dwhitaker
8caa36da-4bb7-46f2-86e1-e768e60cec74,duncandaniel
91aa7878-44d1-4940-9f12-53aea9b2f71b,hendersonlisa
430ada16-e018-47d2-87c3-0f48cb26549c,laura11
70b32916-0943-4c3b-b51c-1a7da6a4cfee,williamscrystal
f5fef06a-824d-4772-8ae7-ad91d037a228,gonzalezkenneth
99171285-28f7-4132-b620-54c9b02a1264,jcooper
3d9d5a75-6fd7-4d4c-a0b0-68fba9ca5d9d,meganlindsey
14a9d40c-3d0e-4e17-8249-7b9bb1036b79,andrew19
013cd0c1-f66e-4a66-b715-601942640e0d,fmann
fc8e7e06-a60e-458d-ad96-2c8d034ed308,jhunter
aee639fe-2865-4e01-afbb-5aaf35fc4efe,staceywilliams
b545a934-75f1-46a1-bde0-b63992cb8a60,rreed
e71d6ebe-a87d-412c-bcd0-d66f3b8e8b4b,xross
b5fa830c-1138-4d89-8615-d33313f3e347,jamesbailey
3777252f-1b8d-4e0f-a546-39b5f3afffe5,thompsondavid
a9befe5d-c498-4a55-9aa3-c4d66ec19c04,evansmichael
00f63975-bae4-480c-a56c-ac9b9d1a9196,samuelmoore
230de49d-4106-40be-b0b0-978c2ecfc6af,thompsonalicia
6c0c1445-fbe2-49a5-8cf5-4142721793a7,joe87
ccccdce2-1920-4c0b-9d6c-d35d2a3c9016,cookjoseph
0aaa6515-4a13-4a98-aaa9-9a4a0776b802,ywilson
f0b3a351-9e00-44ea-bd2b-dc2967f1fcbd,bobby15
c5ad4a27-38a5-4656-9a6c-ece888af8c4d,brandygibson
c4e0cb20-0236-4125-a0de-feac5eeb3d97,nmoreno
9c931dcc-0e01-43a8-9169-9fbf69c5c3df,april70
571dbca9-5021-4579-8544-73eb07a2d2c7,lcook
a3918271-78dc-4d1e-8970-93081327a8d8,charlotte87
fb6f790e-6925-497d-b44a-d48aa2d713ec,dwilkerson
d02bb732-ada9-46d1-ae8e-a01e55f79f94,ogordon
96d2aa86-54ff-477e-936d-7ec30e030f4a,tsimpson
ae99701c-648e-4167-bd68-2faa5e44cffd,barkermolly
a6d65d87-4074-44c0-88d0-76241bdab8af,laurenwells
abc254b8-472f-448f-b082-6788e70dbfde,xvega
29bdd345-59c4-482c-971f-1cdb8b0038be,martineztony
3e0fbac4-0848-4653-b8fb-33298fe4f549,robertsjennifer
571ac92b-9107-4b1d-b302-485c00441027,ruth98
853f01cb-dee1-4532-b48d-0e17b8cc7eeb,bgutierrez
de769d63-c5ac-4c4d-9b2b-d62fc5d36456,dmoran
15b13cb1-5a30-4ad0-8272-54ede58d3e75,wcole
3c780b36-df07-498d-a052-07d397d5415a,sean26
26652671-22ce-4f26-a87e-3f9d5cdc637e,littlejoseph
25bea807-9247-4575-ac51-3234d17e6f72,bholmes
bed29e07-dbfd-4346-97ed-acb855e77cba,angela71
a1f78e11-4ce6-406f-9ce3-adb7319b0dc8,irios
d77a69a9-1e78-42c2-950b-eba090fe47b2,wdavidson
c7a5e581-ce68-4904-b876-20882a328669,kingjody
2a675cab-5b7d-440f-8831-b8393787b05d,kennethwhite
6e6e39c3-3ae1-4c85-8efc-128942523be0,qrobinson
a676e3db-57e7-48c8-9e20-5942b4381d45,jennifer62
109fe1da-0d7a-4905-991d-ae605f35e60c,jwilliams
8eb8b6c9-d70f-4c17-b4ec-2834cd832e7a,donald63
e876d948-e393-4315-8102-34a3b6dcd56d,scunningham
8b6ba6bf-0f13-472d-958e-c23c0ea74458,ellisrebecca
cb58dde1-cc48-4d34-ba78-047cdb670195,carol78
bc824e49-30dc-4345-9fee-b52ac27ee84e,cody11
4ec98dc7-210e-4583-b6a9-b56c66bb0070,paul57
9df2463c-bfda-4b6f-97e3-235bdb3059f0,jarednguyen
f43b106d-818d-4d92-8872-203fc7ebb0a7,davidcollins
7a52feb7-2cad-4076-ae06-1cfc90ac94cf,richardchan
a29adb09-b32c-4155-ab54-c58fcfe3b9b4,dale83
b5072dc4-a275-47dc-8099-4dd0e9abccd5,munozmichael
bf913950-dec1-4010-ad06-34da04946989,harrischristopher
762661d4-32c5-4dc4-9324-6f33e271d3a5,alyssa10
d9551d52-a89b-49e7-8cc1-7543ec87a9fb,autumnmaxwell
40e36926-312b-4fa4-9671-71e8c9563287,mary83
4816d144-fb21-476c-bf8d-a874ec5dfd59,micheleestrada
28365053-5aab-49d7-af6e-db0c60df98bc,rgreen
560998c1-5bf9-4cb4-bce2-d776a258667b,patricia58
703a72ed-8bce-4b12-95a6-bdf2ddd91420,clarkvanessa
d90021dc-af16-4e33-822b-6f494c33f4b8,jennifer85
2df194c1-d599-4ed9-97ad-0fa9bda18442,bhartman
c3911da0-94a0-4f5f-94bf-29f81c7c3825,rebeccasmith
7954f495-b5f0-46c1-a5e1-27b8d91b9b6a,cbarnett
c851a650-e7fc-483b-ba47-5a383f12d2d4,burgessrachel
8ce3fe23-e5a0-42ea-a9eb-cbdd2c4a87d2,clarktyler
ce041443-e363-42c4-8e13-3586c90d7659,rachaeltorres
f70acc14-d19d-45a1-8ddb-f175f13673de,scottcurtis
fc94f551-4653-4e8a-bcbd-b414375fceba,mbrown
b7d8c91f-b837-4657-8a49-0d08cf842c33,donald81
090962b6-7cdb-4f8d-93c4-e42d21f9598a,pmcdaniel
c2922327-cb65-4506-a25b-19cdd980107f,katelyn92
4940df25-e41d-4a2e-aa67-298c98c983e3,glennbailey
a4afca42-823e-4d8b-b4a6-aa6b1fa2bd6e,sgonzalez
b9254389-c6f7-4744-8cf7-9bfab9dd26ef,gregory05
47ed93f0-440f-4dcc-8779-b328138fc892,brittany48
1736c720-6124-492d-8c76-bd04e9b14aea,charlesrobert
b4eb14e5-f028-426d-bbcc-1877c7916e10,gonzalezjoe
45b991aa-d308-43f9-9507-fbc3de55aff1,baileyjim
30840712-bef3-412f-8c59-ebb02843e99b,jennifer74
a2c8eb15-02c8-4c89-b1ec-1ecb2a611139,johnsonstephen
9d3273da-cceb-4f82-8c7d-98ada40df05d,parkerangela
d04a5bb6-cd6b-44ea-9b44-f9e29fb37345,esanchez
a2e22b9d-c1f3-453b-96db-17393f6e7c09,gordonabigail
9930ab88-49cd-4fa3-8589-8545d46cb7f2,carpenterjack
71d60001-4c24-44ec-bfed-80a61abc5c02,kelly66
16af49c4-f109-4d7a-8591-57a8a1b778bf,tturner
462551e8-5471-4d03-92f8-fdd392300a7c,andersonbarbara
6e1019d3-774a-4eb8-a39c-b904ad1d3db0,dennisgarcia
efbbe152-efad-4abb-851b-0f2c4ebc8d73,burketonya
5453be00-1202-43a4-855e-6ad17628b4bb,lee03
511ba10d-a731-4ed8-94f4-b1446e5aeb5d,lauren04
98847a81-858c-4603-a95f-728e5b02f608,odonnellmargaret
9c86428f-4453-4bd6-9eae-acb7b977dbbe,edeleon
aa3b4acd-68bc-4c4a-a025-50ff8e287a86,kelly08
77ea94a2-a2dd-4a8d-88ac-4133201ee5fe,coxmichelle
8793835a-6622-41c8-ba83-13326b25045c,james46
79cfc562-4260-46b9-895a-c184522365c6,kenneth50
d70577d0-c846-4caa-994b-6d4478fe327c,lcook
564d0b9f-4ba7-4970-b19d-81da0ef0177c,josephwright
2b83f273-b5e2-48fb-b3df-f4601a1d85fc,hortonjessica
89779df9-47de-466d-829f-cb7d985f7eb6,justin28
70a93ecd-9eaf-4db0-a69f-35ad7c6c6fc0,kellydana
81d250b6-564e-4f32-be4a-9f19d28733c4,brownjoy
f970d685-79f5-403d-a907-8b96ee19cd85,vperez
d58c3d61-fcc6-45f7-a02a-4939e0cb5b1f,dianamurphy
2c96bd0e-445a-4e6f-84a3-52cc5a8b199c,daviderickson
a7e164cc-b8e3-4cbd-9501-1596a3b382c4,rtaylor
ddf3a558-0dbd-4c54-afd0-63c8cdfaa3e9,justinmueller
2a48ed6e-8f05-49d2-9f56-7543150a7bdc,thomaswilliam
7deabe6c-290c-4072-b0cb-8f6b47984f8b,jennifer33
688c08fd-9188-4f38-9a25-89de44a4862d,christopherkeller
7dbeb3e2-7061-4baa-b911-ec2a723d790b,owebster
9b3e3222-67a8-4dd5-90d8-011658e712db,juan10
c2631332-60cd-4ef5-b6b5-be446000d1c3,dianebates
2e4055e8-a865-4f28-b77b-a4dc3d7295a4,buckchristopher
92bc4907-2811-4df1-93ad-582ecf8c92dc,tturner
2cea7804-9c89-4e44-9914-5d49a0a83d05,jeffrey40
3c22ffa5-304c-44d8-8669-bdd19f8e7ff1,waltonthomas
74f719b6-100d-4229-aa09-06d81824efc7,kgeorge
ee5149a1-df78-4893-9d58-bcfee374640f,brett34
d660f6c3-8b7c-48d3-9d45-50d7b8801e8c,seanchapman
83ddff0d-8934-42e6-a625-6191897c28ce,sharpjeremiah
ddd0b0b8-5c4a-437e-a669-056870316c2d,adrienne78
9342d56d-976f-45a8-9e33-a933794deb46,sgonzalez
e789981f-3769-436a-9701-7fb017a8d1c3,kgonzalez
c8df642f-b0ee-4245-a9e5-c1834a59ce0a,ricky48
aac304d1-c565-47ab-8488-7df67f251b76,josephparker
3b6881a7-38fe-45f9-b4a9-9985b366796c,danny72
0fef31e6-ee23-49b7-931d-d66c938541d5,julie76
a9328e3d-4473-45ad-af74-f83d0dac3c71,idiaz
fcc8490a-8b56-4f16-b947-758a5b28bfa6,stephaniedunn
88c4a6b0-5517-4605-8614-0a5c4d3c1f4d,toni95
bcbf917c-b12d-45d8-a402-964bb4061609,meganmccarthy
54b03a4d-0a04-4cea-97b7-e20de50cb461,gregory85
fc23468a-c8b7-4801-b3e3-66de99c4d4e1,marilyn53
e5a58360-acf4-400d-8c4d-bf68cf571d60,smithashley
946fae38-3eeb-4821-9e75-26ff15082a44,haleysmith
ca9e3c0d-7601-42e4-9a4f-a78a1cd4bd41,powellalyssa
72de9aa9-8fa9-48af-a710-fa15a71b4721,wparker
80d1f357-614b-488c-b19c-d40835f6ccd2,knguyen
30397cb8-7eda-429f-8f45-e4c791e940cf,brendamartin
bc223f7b-5830-4884-ae91-5911e10da62f,serranopatricia
9ea7ecd9-ba32-4724-8e09-60e166f81566,johnsonzachary
cca92b88-ad36-4745-a4ec-685b261f4c7e,ramirezblake
1726a4b7-46c2-44a9-bab5-dc15b0dbbea3,williammartinez
e7590a5f-343e-4162-891d-27a98274c3c4,richardsonnathaniel
2cb9c7ad-dafd-4070-a3d6-aeaa2c1b1279,justin70
96b88400-9575-42b8-a394-4b2e605b3cd9,jessica85
c0b272e4-04e6-4efe-909f-66033609c384,smithjonathan
2ab657c5-051d-4693-9d1e-9e12343544db,denniswalker
28d94613-4342-485e-a4f9-a44f47658579,sophiawallace
5fe19b4a-65b7-4851-a2c9-37ea834e91d8,gatesjohnathan
6a16f076-9965-4100-9561-45ff51d61334,kevans
473aae9c-a854-4c5b-86cf-8c2c59e54cda,joshua65
fb0f4749-1d53-42ab-9666-ed832b8dd839,swilliams
4b3f7e84-1089-4159-88f1-727695465155,warrentamara
d18fbc05-16fc-4892-ad33-368bfb274e2e,timothy76
af908c9c-1823-4a04-9e20-60864bfaae52,egarcia
865c6982-dba0-4540-b0f0-83627d2f625a,jill37
ee10cdec-4253-4f5e-a63f-98c5951cb709,melissa41
17b6aec5-1fec-422f-a625-3a1e4c435d03,sarahanderson
9d98c924-5459-4ade-8b85-c2966a50869f,earlprince
4fbd61c2-cf74-49c3-97b8-c0737b8f4ab9,nicole89
7d6cbbd8-7d20-4d21-b7eb-a092d37dab90,barbara26
8c213b9c-8638-4228-978c-6a8d06f9ffb2,tracymiller
49faa4d2-90bb-44de-9f41-1dec6aa1ae75,scottjames
e0189086-8e57-483d-8e5d-94abb969846f,jennifer48
6001ccbb-c2f5-4ea3-b945-d8dfc7a9aa46,david15
a13faf1b-f7ad-4b68-baf5-ea36e828ff62,thomas74
78513198-d758-45c2-b88f-959f8a571adb,hjames
12f9d6b9-52f5-4a30-801c-5c0983c156ad,ybarnes
fe40d319-0031-4a6b-ae6b-92d880f83868,amandapowell
ff7f09bf-10f9-4adc-801a-71668da408df,patricia80
27a5b274-0212-47e7-87d2-c3d483dba1e3,erichenson
c95af1a4-02b6-4ade-819b-49e3101ecb2a,littlekaren
edca093c-8eee-456c-8eb7-1d8ff003c3fa,esmith
7a738328-56e9-45e3-a588-b1bf188c5770,calhounjesse
2a06839d-ec9a-4c98-b452-4edbfc72530a,coreysnow
a5a40e97-1aae-4d61-9c11-5f22cb5b9021,juliestein
ef1b9d86-d6ac-4610-b8ff-4f572b7ce80b,teresawilliams
3099e562-1ef2-4e5f-baa4-fc770f3012bd,zgraham
439175b4-b7fe-409f-8cf5-311ac87adfc0,jeremyspencer
de7da203-97fc-4fa2-a7f4-a58e494ba770,stewartsteve
1f57d41a-c4c1-4d3c-9dc1-ae20459d6c37,lsmith
8f351d62-b19c-4897-857b-11f15a4bdd6e,patriciawebb
85219f23-4335-4ff9-a9ed-3c0d842940a7,haleycochran
a187c8aa-ce56-41b1-9e63-5ccbe1b68e6a,tiffany66
2e66abd0-b0f9-419f-9678-39fd9fc2133b,maria89
a52c20ef-172b-41cc-b737-7107707fc7f3,tsingh
eb1703d6-6e80-44b7-8161-dee792967c0f,darrendavis
d129d710-2f93-4fa5-b53a-c7fd449164d9,lchambers
b0821bdb-e55c-4e7c-862e-fb63a4784b34,carl93
94f95488-3e34-4921-b922-ef13c8f40a22,shawisaac
e0e04fb8-5d04-4f87-b5c2-f5f3f62812d9,rcoleman
5a039205-248d-44d5-9989-1ec8ca1415aa,pbullock
d997323c-fb54-48da-81e7-e4286d395a92,villarrealtara
22fa2feb-47e4-4c49-9532-1900a2196931,cortezkarina
844c75aa-876d-4af3-8097-e89fcdafa40d,eugene16
d926bde7-1835-4b7e-8d6e-07c64cfb12c7,audreylopez
617043c6-c2c7-4606-97b4-5f0f591a0147,underwoodchristopher
9a45bd18-7983-4377-9efd-ac846a513076,don56
f3003649-4d90-4b78-9956-16bc3ec7b454,christina86
0a0a6ab1-bfb0-4db2-89f3-1543797eb587,williamsjohn
c0855b89-288b-49a8-9e6f-871a1fbcb2f5,kristinagonzales
8800dff8-2c30-41c6-870b-9be8df99b0bc,howellmaria
309711d6-0809-4e9c-9980-cfdc46ff8b4b,wandanolan
38bff45a-e464-4c94-9b30-0c235093ca99,traviswilliams
03175585-73a6-4941-ba66-d5b5caa29004,mcculloughheidi
115729d8-397c-4786-8642-c197631af007,taylorjacob
b76322c3-3b83-4b65-9912-316f4effbc87,bushemily
a837c33b-4cc1-4a71-b1a1-64b53393de8d,beltrankayla
048db669-1a71-4aae-b30c-fd2976473428,kellymccarthy
4b53ead8-4d70-4033-b1d1-6d939d6c61eb,antonio76
f885ab90-84e9-4ea2-99ef-62fbbf46249d,pmadden
ac223851-6dd6-4fd3-a630-4fe9d65334c9,robinsonbruce
e2da5048-db47-4d88-87a3-135b8ac8cca8,bsimmons
468970cf-0d3c-4c10-adf9-c9287d20adf0,kim17
14451e61-70bc-49ae-a835-f3041fcfdf75,lynn50
de6f8e13-1a0e-433e-809c-192c738fe7f0,reynoldsbenjamin
e2d6edaa-0f5a-4384-9fad-9e7236641400,gutierrezrichard
0111cffc-e2f4-4cb7-bd62-0679931f7490,rileyjoseph
76001188-0c5d-4b78-b940-d44ac902bd61,mcgrathcatherine
6fdccd99-4c82-4459-8537-d90f3a242b9f,victor70
e669af20-179d-4f72-b014-161035e4bbd0,carriethomas
ccdd5cc5-824e-441f-ba03-a3e8da622c24,jamespatricia
4c79843e-03fe-425c-b5c0-bf8938c82b54,marymiller
0af831e6-b348-4f3a-ab33-b92482285d24,nicholas29
53ba7977-3111-4a63-b36a-5d1718712c55,richmondveronica
154d70a8-8e4c-4fe6-af29-f555616648c9,halllouis
d8b47c7b-b5f4-4e37-8d32-8b47807aeca9,geoffrey56
ce65c813-60e5-4674-9ee6-47c70ac5e8b4,michael59
52d86fa7-62ec-4b54-ab4a-17a8753956fa,chelseyjackson
ec688381-ffb0-408a-acd4-af27f271284e,davisgeorge
5334013f-8192-44f9-940c-922f859bd946,scottjoseph
d904f576-e843-4027-a591-7ec89effac09,pearsonamber
a35f4847-3038-40d0-ba0f-2fdf01092846,amartinez
98707cf0-69f3-4f91-a908-045a9325287f,daviscynthia
d34fa86f-418c-4151-ae12-1ce22c721df2,teresapowell
656f8377-edef-4144-8e6d-cb74e2b072ff,kayla09
bec94cc8-6807-4e14-a4a6-54a5996f4280,zmiddleton
40d86f71-d638-4b52-8e1b-a5d26db7ddb5,theresaperry
871004c4-4f2b-4712-a30b-40c8d484f54c,irichards
cdcc8348-8cab-476f-a6ed-77d46af7327f,aimee08
0a8fbc47-c495-4163-bfa8-173a42b053c3,wadeeddie
39f11913-3696-49c5-a579-facfc85064c7,seanschultz
12dcfd11-0acb-42f5-b2d0-a4df9f0e9e58,jonathan90
b964f29b-4868-4c2f-b019-faf30e7cba9a,huntholly
4f76c1d2-922f-4aca-b140-ce1f7a8fd8bc,zachary30
e15175e5-90d0-4810-b388-dc43bd29d531,matthewcarrillo
24a27aea-2c6d-442c-8c75-74e244e1961b,haileywalton
d35c99da-7089-4b7a-9ef6-4b4f393c15a1,dhiggins
b20435c0-6ee5-4566-9009-80fd51c5d2b5,david12
b1146583-1466-42d2-b4c4-885bcd2b27f5,kimberly30
3dfcd0f1-8a48-43d3-b203-31e536a0c094,xmartinez
f23a7681-08a6-44b3-b13e-73a2174569d8,gabrielthomas
fb344ae0-80a2-463e-b23b-fed67cbfbedc,karenvincent
f923673b-2a58-4e90-9f71-eceef2c0e9e1,charles76
63b3d770-bab9-4e37-b62b-1dd769fd0620,douglas62
7b0574b3-d4b7-4165-9775-7d04d6cd024f,christine01
9c2764bc-79df-42c3-86c5-3f341b211ce2,rowlandandrew
85bb6334-b447-4983-ae76-25959988800b,sarahguzman
b9612968-0e19-4569-a2e6-4170fa926760,hadams
196bfaad-4885-40a5-802f-97a4a757e36b,gtorres
20445b58-c0e2-44f5-ba34-79f4e9425fe1,terri43
0ac1c502-58be-40da-a297-dad18707357e,mlarsen
4797a05c-7767-4649-91d0-20c5cc481f12,kristen07
6e81a18a-1394-4c38-a490-ab05030d0592,brittany96
971db6ac-b805-4ca6-a665-d63d4b460216,kathleenmccormick
2fbd2172-0361-4234-9326-6bba3ed47b7c,daniel47
43cb3f72-199b-4db0-868e-4c2e50780732,danielleday
67a278e6-d302-47f0-af24-b8ecc28ee3b9,uramirez
88a75577-6f1f-4ee1-960d-7354bbdefd2d,matthewdoyle
9eacbf1c-df5a-4c84-ae2f-9e1e09bd16ee,dianawolf
9c0d460a-88b5-4d9c-9d11-a870495aea81,meadowsnicholas
15395b92-2d3c-4be1-a01d-959d3a8c6346,lee28
3b2e53ec-00c3-4920-9e11-5e90f0d54423,dorislowe
c63506a9-f661-4a95-b3f9-191f7499290e,hunterjames
462548f3-dd86-4be1-a86c-b5fe4564c756,johnsongeoffrey
3a5cce9e-ad57-48d1-a7ee-6645a13d8481,handrews
e84dcffb-0411-4ee5-bef8-7d3031cfe34e,maynardmorgan
6fd202ae-318e-463f-b3ac-41f5b2f30346,yrose
aae38cc6-cf49-469b-9756-481485372c7e,zwalters
f3b08886-a68d-4931-831a-d66805c5e7df,johnsonrebecca
8956a384-0ff1-4fcd-a378-391c23f0f094,lrobinson
f6f5b874-86ba-4f7a-8de0-24c20cbcb266,dwayneschneider
1c7a225d-7e76-404f-907e-7cc811311e11,grivera
a8b8a566-c980-43de-a34a-eb1163985cd1,hannalauren
7ad0ac5e-1857-4f45-85c2-ec897f614689,ramirezryan
440cabbb-eeb8-49df-b9af-9f70b621ffee,michaelroberts
c4bfd7f4-c97e-44cd-830b-bf4b2b94d575,gregorycharles
0a360f1f-a48b-4525-8dea-993f6013586b,patrickthomas
bd9cb023-6c51-4d31-8c21-f7c83df145ac,jessicataylor
f9e00e5d-80fc-4398-84b6-156f753fe52a,gonzalezsamuel
f812e8ae-b936-47c3-88ee-1f9772eb248c,dennis84
13ac1206-b610-40bb-8cb9-f88d36c7ed80,fgriffith
bf3c6a48-b7c6-438b-afd7-2e22d83caf40,thomas59
e7502958-3dc1-4080-b9b0-271253dbd431,abigailrios
98213336-a094-4e1c-ab0e-d201457eac37,analindsey
4ffe8976-8e7d-4348-9c2e-b3b4c356e414,tkennedy
3ca64e42-2b2e-4e21-ad45-d63ed604967f,woodgabrielle
12e09120-097c-44e7-ab6b-cd833723f065,julieclark
c21df0f7-ad86-4744-914b-526e4fdcff6d,theodoreperkins
b4b0558f-ef7d-4015-b1f7-89b9aba68a01,davisbrian
16d48cf2-0392-428c-ae38-0f19c751676c,rmyers
af7ba608-85cb-47fd-91d0-318bc77832e1,jameshendrix
bce8142c-657f-423c-b69b-d84155e232ca,latoya03
dd133634-26e3-4759-b524-d0c7db16ab95,stephanie61
e6f86061-4028-4c0c-9582-62942cf383b4,grace57
3edbbf0a-76d0-4d98-9159-12a4cb8cfbf8,susancummings
538bbbe3-610a-4c8b-8f24-80de443397fd,dustin50
b9e9b891-c51c-41b8-8619-299e4e287ec2,jessicaflowers
b8144a79-d76a-49e1-96e2-be46036cec36,paul94
af925b17-1e17-4e81-a095-67f3f9507f87,gabriel07
bfb2d03d-b413-4bbe-93a6-7da3f4fa0702,samuel31
da4a4cdd-0e8f-4a67-a10d-c6f527aeb347,jason15
83bf7f2e-4192-44d4-bfaa-1a3bda5db1d9,rachelbarron
21d09aca-0354-4179-a9f8-3876c9836744,murphychristina
2c88380f-770f-4ea0-819c-9b0844150f49,ygould
b4d05bcb-59d8-4274-b02a-751afbb5d87e,jillharrison
5525f1c6-b36c-47f5-b4dd-c20d956c1964,davidgarcia
82e23aba-41f6-4437-b2b3-908770ce3bc7,bdixon
f07b167e-3d71-4c6a-b6fa-6b9f77f1184e,wsmith
27435931-958d-492a-945b-62b8b06aebd5,kristahaynes
fcaa4f53-3c5c-4708-844a-9ac2d0cbd085,morganryan
144de238-73b2-48cc-a0eb-79d20ac99922,whitekatelyn
37f46beb-14e2-444f-acbe-2090d836643a,rodney78
a539328f-1d8f-4359-a677-95b63c2bf986,austincharlene
46ae2818-47fd-40b6-b2ba-0e57748d0777,mitchellmaxwell
a213559d-c1f4-47f5-9d5a-1406113ceab3,tiffany86
16fe16f6-6ba6-4b9d-9ecc-28dff44ae760,hrichards
e648a126-e097-4af7-8b3d-fe1dd284c59a,iwells
cbe98873-0f0b-4114-b45f-23e2530951bb,russellgonzales
ec55cbc3-a02c-4d5c-9233-cc530c4723f3,kgill
ce3e4d12-5596-4ebf-b74c-a9e021bf99c3,joseph21
babd497b-b08f-4295-8f7a-f1e728e0b985,amberdouglas
60505824-3c9d-42b4-9835-c27374e26f71,bwilliams
601bcc4b-609c-4f2c-9a75-be4269cafc3e,castillomaria
5995bac3-b1b1-4ae5-95eb-04a1eb808ecb,dawsonkerry
d15f8311-76c5-43c8-b884-1bd88e021dc1,ahumphrey
ef6eaeb6-1e54-40af-8798-fa692c5014cb,kelly20
18d6d23e-468c-4ec6-b85e-bf243dc0e7ed,samuel81
3dd1fb63-146a-4808-80b9-2853f7da3ca7,timothyjones
8b9b9a76-0fb8-49bf-98f4-d09ec1772e07,pearsonwilliam
4b9abd45-5c94-4182-8b64-35c4243522f1,charlesbailey
f3a426df-84a4-40c1-8429-9a91d3c23b17,zmiller
99858ef3-3d2d-4783-a3b8-405e491d49c0,catherine63
7537f819-a314-44e8-986b-2f4c438ab202,bradleyjones
3739154b-3a6d-42e1-b8f6-341292c61eb0,lcastro
1f7a755f-463b-466a-a8c6-4759cb993535,jefferyhines
c8940a2d-bd00-4e84-8742-659ae938e948,wjones
8ef794b2-a0e0-42dc-8930-0a83e43d5c62,yorkcharles
05310183-f8c5-4eb1-a0fb-01d136177bed,jessicasutton
33cf0557-0e37-4412-a0e0-d724916340b7,hudsontrevor
34a361fa-20b8-4725-8edf-ec5b014b16ed,loweashley
b91c521d-9056-44f1-b8f9-00ddfa8ccf7f,becklauren
1767620b-d306-435a-9159-aaf9f9d4f172,mclaughlinbrandi
1e338349-f427-46e8-9ec8-6dd80fb567be,williamsfrancis
df7d00cf-2ed4-4652-b5b7-50b5e74e7f2a,harringtonjacob
5c2fac95-6d57-472a-9228-4910f9e61f78,mike81
d65222d5-2139-444c-846c-0d3272cb4161,fbrooks
0f1144f9-ff48-4b73-b3a4-75fc0ac1b2b8,stephenvaughn
e031f028-7785-411a-85e0-587a01a6e458,sarah48
902c1b6b-f6e6-4ff3-a017-b6b9dd3b468a,jonathandillon
92e41dca-b7e8-4c6c-be1c-483acbd98e1c,julielong
9ba841a6-7ae4-45b6-ae54-e68769c3b27c,rodriguezjoshua
114b3a38-9bb2-4c44-92e2-a689d2f02874,christophertaylor
9b00876c-27d9-4262-9f00-c20f847ce397,jamesfoster
3f1e181f-2e38-48c8-b318-07bc34ad47b8,harrisgeorge
79a946d5-0f40-4258-95d9-685929dea682,brandiwhite
c0bc289c-6ca5-4ee6-a70f-0b1535b7c231,plittle
1d7f847b-4232-48a7-8257-43a5a866141c,hhodge
dfaa15c0-bbc0-4ab6-9fd5-81031b6e5e65,alyssarichardson
8fd4d795-f862-4018-b18e-f366dc6194fc,christine83
ba460440-39bc-4bc8-a090-4d3dd0357227,tranmadison
59271816-be43-4f61-bc80-b5c739edda0e,mary84
0cb6272f-1320-4fba-80d2-e8fa6e03edc8,snyderrobert
a7fee4d1-3b24-40d6-8c67-85d3e2668800,shortjesse
21701ab7-81d5-4752-aabb-4ed4d573f21f,jenniferbarrett
41736fca-3802-44e1-b4bb-566bfb2b5347,hbell
6c63899b-8711-4ee8-9c80-132d3c84d745,bmiller
660d1920-03dc-4640-b32c-fac756eeb6f0,mitchellaguilar
54df0748-8c3f-4fe4-abd9-35e2b407d58f,allisonramirez
9839213f-f572-4566-bb5a-9f4233a17a69,frodriguez
ab49a1db-8707-49ed-8395-41ce61e9ca79,knappsarah
c8533db9-268d-4147-9cec-eb26bdaba478,adamspamela
dab81aee-378d-4e14-8ad3-77daf1b983f9,reyesmatthew
afdeae88-7e1e-468c-bc98-6fd7b5140ea2,jacobnichols
12be6806-bc6b-435a-99b8-77c791aa68ea,hawkinspeter
2ea81c25-c953-4dae-8df8-c12996f5f507,jjohnson
556706a5-bd47-4a25-b982-2ea0d14f4d62,sherrysmith
c5ef572a-68a1-430a-a104-652c4a393b5d,jwolf
235e0d32-6952-499d-a897-ee45d2628f38,dannyduke
e054eaa1-96a5-4d86-9f3d-6223735ff280,smithkim
7d5a9ff9-9d3b-4991-93d2-ddd22c13250e,millermark
6fcbd22a-13d2-4be8-a4ed-c640b9282bfc,blackjeremy
6fe13d21-2e94-4779-9b83-f27dcd0b00ee,angelascott
c00ededd-b23e-4a6f-af05-a478c06d3666,feliciajones
882d7372-3460-4570-b2b6-6a0dd6faedba,zimmermanrobert
06a9716d-eb52-4b49-ad18-1272c32b37bd,hansoneric
93dd6c71-8b50-415e-b9c6-56ca41c852cf,lisa08
580707c2-86e1-4979-b0a3-16fea768aaf6,ashleewhite
c9276a45-e646-4225-afd4-28619f795892,kfigueroa
fce989cc-b752-4d5e-b403-70d704a3d28c,davislynn
c5c30e5f-164b-4e57-800a-27070042a74d,dorothybaker
cfe0d4d0-2531-413a-a6f0-3d996133525f,rking
efdd097b-f6d1-45aa-895b-5ff1582e4e88,james88
68a35f80-9cec-4c9e-8b4a-38cf8a504a8a,cmorales
b9976476-dbb7-4a2b-9bc3-bb1d0d60d6c3,cisnerosalyssa
7339cd90-b68c-4672-8f72-f146d596495a,stephanie44
eb8427b0-1603-481e-a51a-7931d1420bd0,hshaw
2b739786-ef00-4288-b5ea-fad20395edcd,hillaimee
fbcf209e-5e6c-4a3a-b7bf-3754972fd928,nathan55
30b66f94-ce50-4d40-992c-f5ae92ed6a1a,matthewgriffin
83a1f9b7-eb0a-415f-a223-8878969e265c,meaganbowers
4a1ed67b-96f8-4709-ae7e-bdd9ab9f900e,hopkinseric
ce5ffe8f-b357-4fe7-96b4-ec5c02501fdd,heidi80
b59f7d0d-16f5-44df-a830-fb0c6628f067,davidvelez
1a404537-b6c8-4ce8-b970-d89239ac306b,nelsonkelly
710cbdbb-cfb1-42c7-be53-335c728b72ab,vaughnmatthew
a0584f95-93be-45d4-b9db-104c8d0f55a7,angelabaker
4b37f9a0-5886-481a-a78b-9724a99cd80a,robertedwards
c2be6151-2dca-45b7-8c11-7b1a9dd4edff,sprice
e6c86228-6af1-438c-8f63-114a8d903151,amy04
fdc0f8ea-1ba5-41d9-bac5-3d76de44b33e,jeremiah39
95c2819f-1551-484f-9a8a-c3f1db04515a,vanessahardy
808cbfca-574c-4d2d-b627-13def1d1aee0,charles42
286fde61-760d-4030-bab7-2ea473d78d7c,francojoyce
eb3831af-23e2-4fae-b8da-9bfbe5333297,aflores
18ed2c90-0cc9-4f40-98bf-1d1ad4bb5849,paulrogers
2b66b197-c6f4-4a92-ab10-b73b5da2f4eb,groberts
e0d82aad-213c-4f65-8c7c-62ec15d4c648,wpatel
ad134396-ff28-4bf6-88f5-f12f7bb6b251,smithgerald
7ad22bd8-8738-42f8-8424-cf72a2bc9216,deleonjessica
a4bcef36-71d6-4f72-a0e2-89b03696243f,deborahjones
fa9c5b80-1ec1-40b9-a922-beff843baa5f,cynthia13
4f1f6fcd-fceb-4191-aac6-6855c0ba8ec0,cgarrett
519e341c-95d0-443b-9ec5-7c831fc08ce5,yharrison
8d58aedd-72ef-407c-a940-9c60f01c67ed,mcdonaldchristian
6ad7f548-850c-4053-8727-cf58809df11c,brownchristopher
5a4213d9-e727-4e60-a261-79846a38b137,serranobrittany
114c385c-228a-4a82-9032-5f9ee235cfa5,david44
547fb8c7-3f6b-49f5-8338-727842506c9f,rodriguezpamela
898720ce-eba6-41a6-b5c1-7f06cc46b689,clarksherri
cbf2914d-cd0b-4713-988a-3506f41d6d60,elizabethallen
9cd25f53-8c5a-45a0-be92-6a83ecc548e9,jaclynharris
be837e02-c755-4d83-9b70-ea776a5b045d,cheryl68
d5468bf0-ae5e-4b5a-9175-a781243700fb,amandaburgess
36676e49-9f5d-46a6-9d6a-f29887405dea,davistammy
7ec08680-1d04-4728-be5a-3fd31572a832,jonesholly
dbb1c02f-ab5e-46c1-9851-6c8388433bc6,ylam
a310310f-8682-4604-b6ba-a32fbcba6313,davisann
e7c83da2-901e-4de6-8545-0571e188a4ff,orozcomiranda
a6cb1d1a-0e40-420a-a706-f5da2035dc13,bethbennett
ab050345-19ce-43c1-8c2a-09c817cbb5f0,jose68
92a70d32-9fec-47ed-a1ef-f58182b77f12,donna14
96e2d570-3d38-4e84-bf4c-b68ba0907bfc,bwebb
858c7e3f-63ad-46cb-bd9e-61b5ab1defbe,emilyhiggins
29b87ffc-24c7-440a-9189-91c63930df0b,brookebruce
2da81b05-ca9e-491a-b096-e87032182a5a,anthonybridges
ac5243a4-3277-4dd9-86e5-b3387171d1a6,rwade
bcbe598e-e9f0-497d-a761-4cdaa8bdc676,jbonilla
910269a3-00af-4913-9d55-7519e160dbd1,derrick46
51e58770-e8f8-4381-a430-e4e8edfa798b,brent70
a9150766-b433-430c-8d51-a46d22320d68,xsosa
58227531-c22f-4592-b7ed-5f67aaa6d4a6,franklinmark
ef66d65b-e4fb-4a94-b78e-722c3d072159,fordamanda
690e7115-9f0a-43fe-88f7-178292167fe1,townsendrebecca
558f1ff4-fd9c-47fa-90ff-62d9138c9ea3,foxsarah
1beaa6f9-0446-4217-980e-a7e91732376d,maria59
8fb22b99-dd45-45be-8ff5-0b7d9073cdf1,davislaura
af20dab9-5c61-4643-af07-702142294559,sheltonnancy
5005d54d-a2d2-4405-b9f3-a7da3048b395,carrillonathaniel
25dc8c70-1efa-474d-80c1-c75d0de47bd2,garciaholly
0f42c52e-116e-4cf5-acd5-da2b5713f730,jonesteresa
7edcbdf0-195c-4de5-87f0-681ae742c303,truiz
8d82b38a-760b-437b-9322-641061e2dc79,david94
e718ddb2-0cf3-4812-8ae7-259988412464,ashley30
56552262-a1ef-4d7b-bfaf-a0d5adda423b,pamelaho
93565c68-3eef-411b-be36-d671e2a5189f,qjefferson
255ad3de-98ed-49f8-a29e-3d9f56d6074c,steven93
9355e344-1d10-4ebe-af70-1e8af5f291d6,ghoffman
2160d27e-4a18-44f1-abe6-c20407e224d4,john75
88170983-80da-4af7-8a7b-0b392eb2a6f8,pjames
ca1dacc4-3894-4494-ac42-9278f2359e49,carlevans
78e4df9c-6820-446f-aa8f-ba2e698c4709,jonathantownsend
32d6be13-5b18-4e16-99ca-1a39cd372d02,pwright
33aba3c0-6c10-4e0f-b177-15623dd32a93,abell
a180f69b-1338-4abb-ae5a-7f6b5aab4e62,jessecollins
88dd426a-1ac0-4dd9-9cd8-faeaa893071c,dunnyvonne
ebf5cb58-ce22-4f48-9f6b-f97d1912190f,fzuniga
a1e8cb1b-d43e-48ac-a611-b331fa9e6394,dellis
9d33acaf-ed05-48bc-95e1-0334c3292aa7,catherine19
4c43d931-4d43-4556-bdf7-6383902287e8,willisrandall
e1beb8d0-b9b8-4c50-ad79-20fc52c70d27,fwolf
88e147d8-acb0-427e-a88e-e8975ee1b776,claytonjoseph
21b339c6-ad40-4993-b15f-c04e3b7b738a,cwilson
45b27c66-0ecb-4403-af94-9d0e1b92e56a,cynthiarichards
739f98d1-19c3-47d6-9c77-e1cac192753e,eric17
7c71d1e3-0417-4ff1-88a4-412dd0f520ab,tanner75
3f63a674-03b5-4b0c-b22e-d75cfbe5a42c,tcook
338679dc-c4dc-44bc-bc9e-74680fb9cd4d,ashleynichols
9edf648a-8b35-4f9c-87b6-a99b25b4fe83,jamesdavis
0afa862e-1f68-4326-abe5-94301d0305ac,lbooth
b35218b2-7b10-42f8-8d18-b02f889d6d4b,andersonandrew
ee87dbb7-4d67-4cdd-8230-985e8c4328dd,stephenconrad
0bab1225-07b8-4cbf-a3ee-76530e57fe7b,nbullock
7e60dc40-775e-4f3c-a90d-14150df9f9fd,cody84
74f2ae1c-e322-40a4-a15f-347a10dbac35,aaronjames
6c6ad45f-85cb-4fdd-a6f3-ccee34f81d4b,waguilar
101534db-d67e-4f39-b435-08c20aa1e754,scottwalker
593a08ae-9179-4152-a216-51eaef35c892,emolina
5fe53b98-4d8a-4b58-a78c-157f416d4b83,saralewis
a1400a32-0b3b-4f91-a3f6-5b20662be66b,drewmoore
5058001a-7f21-4950-92b2-453235994ef5,mannpeter
40dc9115-cb07-4200-b49d-83fd701b79a6,jonesbryan
e96f892f-52d8-4394-872e-3cca8cc14967,rebeccacompton
f26d903f-5e4f-4792-9489-a74eb0a469f7,elizabethharris
81aad4d9-6712-4c2e-b98a-e4ef0e5722c3,monicafinley
432b3200-c689-41f7-ac21-08ab51897eaf,alexishaney
82a3c7b7-de6c-4bbb-bb7c-328f40a82b2d,dawn31
0f520ce0-bb78-4142-8286-acac08ba1b4c,henry79
8c2081dd-0ce0-4dc5-8d75-73bb59cfd96a,jasonwilson
dd622edb-82f4-4c42-b669-bfa2ac4f08ba,heather26
db04d3ae-d857-4f0c-98e3-8a6ec4e540f0,mmartinez
29dcba61-2457-4e71-afdc-9114fcfff303,murphybrian
56c576ed-798e-4a84-a2c6-c9c246eb0831,elainehernandez
1b0eb52c-bb60-4536-a74d-3c74cdc3deb1,julia95
b58bcf56-3c38-4145-bfb7-1f1410387e87,nathaniel73
16a0005d-805d-4642-befa-2fea45ae8374,victorellis
3e95d5d4-f740-49e9-85ed-3f69e29ee1fe,michaellopez
796dc418-fd91-49d4-bd6e-a2a3e404381c,brandi45
eace3690-e542-4028-9191-e2e1adcc902c,jeffreyjones
d719846b-27e6-4b24-b0e2-e2877cc69788,xbaker
bde969a5-533e-43c9-a3b0-325bc41239ef,gmarshall
cde3f37f-0983-42a5-9edd-bc28a3299e24,choward
82dd6091-7c87-4ed1-9ca6-099a762a6a73,claytonjohn
436ef3b8-f880-4ae1-a3a2-18c986abdeeb,michelebaker
ef859b43-ee0a-4e46-a524-3dd16b94d0f3,fstrickland
9d5a8068-e32b-4c37-a35f-79844d3a1f4c,tony67
8830dd82-49a4-41b0-bf14-81f600c81dc0,yvasquez
a425548c-cdd8-4172-8367-979a73353fb5,acarter
74fd8bfc-d005-4eee-becc-b599c602213a,rhondajohnson
4638c13d-32ac-42f2-ad75-c9bdf0e392d4,hrogers
725d070c-7c5b-4f4e-9ebd-9637bae9f22e,gary33
014869c0-5b80-4244-b145-8ec15d6e9039,judydavis
b3e94ff0-573f-4cf8-b9f8-f599ef232e2e,matthew08
bfcfa778-e71d-4473-9dc2-8e5039689bd0,angelica65
3183f8a2-0fd4-4390-843f-dbb2f030de61,lukesoto
dda5d022-01ee-4690-8ece-efa877c24d15,greencolton
114d34e2-2591-465a-8107-51320e6601ff,johnsondylan
d8f51ce2-87be-4822-ace2-429b79b2f9b2,hunter39
6bd4c9c2-7910-4ab5-a8f6-abaa57067e1e,ifernandez
f83c9697-21f2-43ed-a36d-1dd9333a6531,brendahampton
533c0260-d700-408b-b453-f536e9fcc311,elizabeth87
1f433bc3-14eb-4e48-9520-5146ed7f2843,mezacatherine
25477716-80d2-4e51-9bdc-72fc5a274866,sergiochavez
c36ef60d-4033-4a4e-8a1e-a927ae07eff6,johnmoore
32524efe-0ff7-4675-8fff-f3c4f4ed4639,olivia18
5a0e5652-f571-4bbd-9908-da8ec6c01cde,robertgentry
5774aa9c-81b3-48f8-91f9-df4e49c7c27a,grahamdiane
66872361-c190-4448-bee1-0105129ace25,qjordan
46133651-cf15-4055-bafd-789c7b525633,jameslucas
98a0a8ab-1732-4c43-92e7-bebac59d4e44,jacobgonzalez
d6977cc6-886d-4f8a-9601-ccb4e1f65f2c,laura12
5034296c-ac2d-4e2f-a03a-ff22faa7e23c,campbellandrew
7bd33737-796b-473b-9777-56277fe0d249,walkerchelsea
c1015300-7712-4765-9188-e7895fdfc81c,smithsarah
22881d25-9436-4ced-8da8-b6c8e0157fa6,butlershane
6dfdac7b-cf6a-4d97-885a-e31c75533d06,ryanshort
51437e9a-6655-474f-ad25-ee0902626ea6,william84
c68f163a-3063-4b4d-a1b6-2cd6e7165087,allengary
e28fefaf-24da-489b-a007-be72e2b6a570,fchristensen
19e3ad35-f96d-4ec0-b9f6-baedc26dceaf,wrightmorgan
0502e085-eb4f-45b8-885f-3bc6ce6f7563,cynthia80
f3817da0-dc65-4db2-b031-74463aa1e053,kaitlin01
c6d0be1e-c1d3-494c-a5c9-03442cdfcae5,hamiltonjenny
a34c79e4-03f7-410c-bd59-ed25337b5497,valerie89
d7641167-475d-4059-8685-78e3f188e661,sonya02
7f4e87a6-13ab-4b35-b222-148321eb851f,lindahouse
edfe3eb1-a2b0-430c-afc6-5768b13b4f84,derekjones
7cee6d6c-2ab9-4510-9e65-6c82114ff29b,dunnpatrick
70b5cc81-16a0-4c40-b2bc-46eb836269e7,myork
aded32c1-550b-43c4-b8bb-343b010a2556,cardenaserin
2e72ddf0-876c-47ed-b95f-71fccccf8fbf,henryjohn
ac64c483-b10f-498c-aa9a-ed3127f934e1,wschroeder
dc4942f1-e5f5-4f19-ad6e-404c279887e5,nicole46
a49ddbce-3d7a-4fc5-b3aa-3d39ac50dbee,riosdaniel
abb0d7c5-b29e-47d3-aedb-2be524231094,anna28
3d0eebd0-fa13-495e-8b8f-aef59683b0d9,nancy18
f6da9212-fe41-40c9-a8ee-15a3d369c1b1,welchsuzanne
0c26db71-36ba-4699-9af0-734b06a8b4b7,ynichols
0a3247ed-7712-4447-83a0-694688cc01bb,rojaskaren
a54c690e-7dce-48cd-b3c9-947b15fb409d,thorntonraymond
23315d98-cf8c-459c-8e68-93459ffee345,suebrown
ba4f9aaf-32d1-478f-b288-af91edcbbcbd,pgarcia
ffa7de87-d501-4f34-8f0d-7fc7148a8a2c,salasshelby
81547580-ad5c-423b-8273-fad5172b9101,cruzvalerie
4835ec0b-c040-425e-851a-a57d19014b61,prattmelissa
1b19ba2c-e700-48f9-8a78-fb43f1d8bd65,brookstim
0fdaa709-86cc-4642-96fa-d4bcdc610e93,hburton
f2ac9019-0373-495c-ae73-5943c3fa550b,adamswilliam
61281d17-92cb-41d3-a363-e22b4b616951,courtney62
c2428dc0-d372-45e9-beea-c75c5c5be0a6,nathancline
c48465a6-a369-4114-bdc5-8699f3120555,stevennunez
3b624bc0-c500-4909-bfa5-04b82ef31092,abigail69
5a83332e-d64a-443a-93a6-0c21e31f84cd,hharris
bc721eba-a333-4006-8c96-8fe39b7e6730,alison54
ffef3f20-3822-416d-95a2-6c8a27d05c12,heatherwhite
79517824-8da7-4ce7-8845-006e2a2b2b7d,whull
70c8e706-fe72-498c-855a-5161fdca18ca,chanwilliam
37799b0f-feba-4d65-abe6-1e33a05d8c26,allisonrobertson
d860033b-9c47-4c9f-b9b4-af568b01f904,williamssarah
4e00ade5-916f-48b0-b830-f006b31eaaa1,youngdeborah
16183c4d-4da2-49e6-ae5e-698fcfa01de5,broberson
3dfc40d5-9296-44a5-8015-76654858122b,walteredwin
af342d13-a0b2-4fab-88d6-97698a06830e,natalie45
0c7cfa67-d44d-493b-884c-58e0f97873f5,justin02
e2501893-e672-4939-b73a-64a9cd9318ca,megan01
63e80f79-c2a9-42aa-a6ac-7f72da7a5df7,rivaswilliam
b64856ae-2d9a-4c9f-8232-58c137bdfc13,maymatthew
339c4b18-da5e-47b7-baf5-4fee5943396a,isawyer
d22c1d09-bb4a-4816-9a1f-b07c9f944f8f,wilkersonmichael
1978990a-a4ba-48b6-a1e6-4de25683749f,stephen68
236b1f58-b5fe-473e-b39a-71ee3683332b,christinareeves
1f9889c9-46c6-4bb8-b3ad-e349c87e50ba,jesse16
d829cd6a-0a45-40aa-a04f-6c3c13d44fb0,elizabethberger
1297cc8a-b9cb-4f74-b576-11c36c2d139a,jacobrogers
fcb1c18b-0183-4105-bcf5-fd364d11b985,coreysmith
eecc49d6-267c-4fba-842c-faa0cc45e7fa,kimberly42
6719ffa1-b456-41a6-b302-4ec5f832bad6,ajackson
f52460f9-f0a0-48f5-a8f9-1a4266c2c61c,andrew66
0428d4c1-b538-45ba-8014-3da40a02ebb8,billykelly
145a6b6b-1590-4703-8059-a512b492668d,vincentmaurice
6097157d-7011-4f1f-ac71-aabb1ac7e661,charles10
93716627-d3ef-4cb9-9c2d-c173b8fe0413,collinstommy
6232f398-c397-49dd-8402-880064069fcc,cranegary
14a1e122-3bd4-4ffc-8bf7-27774985df24,lawsonlisa
38a0acbc-c713-4341-9e40-e37c01c2115e,krystal70
df2c6c21-5193-401e-866c-ecd904a9dad7,ugentry
1999d8b6-f0f1-435e-aa3b-f236c4d6633e,millerxavier
203b56e9-a3b3-4dc2-bad8-699438b5a55c,alejandrocannon
6e4e8d13-247c-4434-8d9f-f0acb29cdd20,thorntonandrew
8fd686f2-0f7b-440c-8cc3-8cdfb4bbdda6,hendrickslisa
cacb4562-77e5-4fbd-9baf-05a980b02555,leonardandrew
d2db7751-1c4a-4cfe-8458-be09cb018fb4,wmendoza
0a8ba14f-51c8-4c97-a3ae-50e4003b4573,patricia63
080b4efe-b637-437a-9c5c-54187f36c59e,kristinehernandez
c8cf8228-3983-444f-a5cf-edcfc15c78ff,bakermichael
39c2bc80-4cba-49de-a5cd-f240da95b589,bartlettsandra
9211b70c-1a62-4306-b46a-b6d1d5aec555,phillipsmelanie
5088d279-40d8-442a-80e1-628ad396c042,joe65
4e311ae3-5244-4d52-8d9c-83c7936391bb,douglas09
32566ad1-e316-4f65-822d-f8e36aaaf197,millerbeverly
d01eef0c-7529-4acd-a934-bca00ac58db7,james25
2f9b73ce-a323-4cfd-96ea-710848a81bbe,harrisashley
84ef3289-fd8f-4caf-80af-487db386b3dd,nicolerodriguez
d47d45ec-2d79-4bff-ab95-1d1d945420c1,denise93
7b0a09e8-19dd-4e22-a8c6-92cb82e5a5d0,thomasvictoria
e3eb5846-79ca-4573-8ed4-49edb5c91806,jessica79
02ba705d-f0ec-43e8-bbe2-0e4561d84572,ruizapril
9ec0f6be-5b76-4695-bd7e-f5901b6ebccd,veronica95
1572a837-16e0-41dc-80d9-b447cf465d3c,lunalindsay
2d0a0c15-0802-4bfc-9b4a-824852d10efd,brandonkelley
59647c00-10a4-45f6-bf52-a3bc7c57144e,colejason
0dc44ae9-07c2-415e-803d-dfc7f8c002d0,julieweber
2090bd26-6a18-4262-93bb-b7deeb360669,carolbarker
672a420f-c07a-4c39-a1fa-b1a0bbd5a196,patricia64
5d790d2e-b37e-40fd-810b-d3324020ab55,justin74
074a0ab0-27e8-48bc-aead-1892090d0ab6,lindalittle
763fed8b-c370-4f58-873c-1c15f11b9199,patrickanderson
425dab77-5c5b-4323-bade-ab56378cb74a,audreysanchez
fc5b9c1a-01d7-4d2f-92a4-e1288feaf9de,anitagibson
17ba2cbd-f051-4f62-9835-1f6d39411e58,rmitchell
fe6a4317-1a89-43c2-8598-fe09a69f2170,nmoore
c4efaa55-1a37-42f6-a40c-da0f4d4dfd17,julie28
ed4d506b-9aa4-42a8-ac56-09037e91a131,wadekristopher
da3bbf30-4659-42ca-873b-ed495816a9b2,powellkaren
397b54af-3aad-48a0-a9f5-dd9e0950aa58,lisa81
e3a867ad-a868-47bd-a14f-b15b590e366c,stevenrodriguez
bcfaa89b-b8b3-4cff-ac7a-8699d41aedf3,dpope
